hour,mean_action,num_active
0,0.8770836591720581,31
0,0.9007147550582886,29
0,0.8843163251876831,29
0,0.910789430141449,28
0,0.8775668144226074,29
0,0.8318410515785217,30
0,0.8180317282676697,31
0,0.8172010779380798,33
0,0.7224546074867249,35
0,0.6974151730537415,34
0,0.7364378571510315,31
0,0.7165072560310364,31
1,0.7247319221496582,31
1,0.734386146068573,30
1,0.7374690771102905,29
1,0.7675788998603821,28
1,0.8781988620758057,25
1,0.9323628544807434,24
1,0.8521136045455933,26
1,0.8356684446334839,26
1,0.8648385405540466,25
1,0.9135725498199463,24
1,0.8945995569229126,25
1,0.9135352969169617,25
2,0.9360026717185974,25
2,0.9610034823417664,25
2,0.9748347997665405,25
2,0.9613390564918518,25
2,0.9347934722900391,25
2,0.8860739469528198,26
2,0.9167534708976746,25
2,0.8797622323036194,26
2,0.8782695531845093,26
2,0.8650414943695068,26
2,0.9005677103996277,25
2,0.9114315509796143,22
3,0.8578295707702637,23
3,0.8194890022277832,23
3,0.9710903167724609,22
3,0.9226213097572327,22
3,0.8495714664459229,23
3,0.9442618489265442,21
3,0.9125357270240784,22
3,0.9250425696372986,22
3,0.9506223797798157,22
3,0.8878052830696106,24
3,0.8602875471115112,25
3,0.8844396471977234,25
4,0.9424407482147217,25
4,0.9966886639595032,24
4,0.958404541015625,25
4,0.9618273973464966,25
4,0.9734519124031067,25
4,0.9277905821800232,26
4,0.873049795627594,27
4,0.936985433101654,26
4,0.9566706418991089,26
4,0.9248928427696228,27
4,0.9243161678314209,27
4,0.8955162763595581,28
5,0.870646059513092,29
5,0.8802657723426819,29
5,0.8846049904823303,29
5,0.8738691806793213,29
5,0.8410741686820984,30
5,0.8744832277297974,29
5,0.8945534825325012,29
5,0.879828691482544,30
5,0.9274402856826782,29
5,0.9158056974411011,26
5,0.8922675251960754,27
5,0.8723820447921753,28
6,0.9307396411895752,26
6,0.8517454862594604,29
6,0.8769928216934204,29
6,0.8680753111839294,30
6,0.8578770756721497,30
6,0.8692765235900879,29
6,0.8703437447547913,29
6,0.8831295967102051,29
6,0.9935807585716248,26
6,0.9603159427642822,27
6,0.9606131315231323,27
6,0.9569482207298279,27
7,0.9498855471611023,27
7,0.9557575583457947,27
7,0.8520891666412354,29
7,0.820270836353302,30
7,0.937261164188385,28
7,0.9838395714759827,28
7,0.9715563654899597,28
7,0.9654418230056763,28
7,0.9988165497779846,27
7,0.9876975417137146,27
7,0.967200517654419,27
7,0.9997987151145935,26
8,0.9285475611686707,28
8,0.9011802077293396,29
8,0.8906765580177307,29
8,0.8949829936027527,28
8,0.8414224982261658,29
8,0.8650107383728027,28
8,0.8391021490097046,29
8,0.7856118679046631,32
8,0.9091678261756897,30
8,0.877578854560852,31
8,0.8734638690948486,31
8,0.8977644443511963,31
9,0.920154869556427,31
9,0.9281224608421326,31
9,0.9315018653869629,31
9,0.9348429441452026,31
9,0.90949547290802,32
9,0.9079691171646118,32
9,0.8877824544906616,32
9,0.7798668146133423,35
9,0.7248499989509583,38
9,0.8401502370834351,35
9,0.8379135131835938,35
9,0.7757416367530823,36
10,0.7537102103233337,36
10,0.7813850045204163,34
10,0.7573807239532471,35
10,0.7939318418502808,34
10,0.8314858675003052,33
10,0.8382327556610107,33
10,0.7676056027412415,35
10,0.7740467190742493,34
10,0.8150540590286255,32
10,0.8328899145126343,31
10,0.8284343481063843,31
10,0.8622210025787354,30
11,0.8778977990150452,30
11,0.9263018369674683,29
11,0.931113600730896,29
11,0.8640821576118469,31
11,0.7931325435638428,33
11,0.77888023853302,33
11,0.7891151905059814,32
11,0.7864394187927246,31
11,0.7654278874397278,31
11,0.7605194449424744,31
11,0.833306610584259,29
11,0.8587988018989563,28
12,0.8629704117774963,28
12,0.9018665552139282,27
12,0.8439123630523682,27
12,0.8683947324752808,26
12,0.8759759664535522,25
12,0.9198188185691833,25
12,0.863957405090332,26
12,0.8244718909263611,27
12,0.8970136642456055,26
12,0.8850844502449036,27
12,0.926919162273407,25
12,0.9544787406921387,25
13,0.9978707432746887,28
13,0.9329301118850708,29
13,0.9633021950721741,26
13,1.0,24
13,0.9997358918190002,26
13,1.0,26
13,0.9999997019767761,26
13,0.9999814629554749,26
13,0.999832808971405,26
13,0.998104453086853,26
13,0.9985664486885071,25
13,0.9999963641166687,25
14,0.9717298150062561,27
14,0.9704800844192505,27
14,0.9999977350234985,27
14,0.9843785166740417,27
14,1.0,26
14,1.0,28
14,0.9995747804641724,29
14,0.9998329877853394,29
14,0.9663285613059998,29
14,0.9650244116783142,27
14,0.9633804559707642,27
14,1.0,26
15,1.0,26
15,1.0,26
15,0.9999995827674866,26
15,0.999993085861206,26
15,0.9998806715011597,26
15,0.998306155204773,26
15,0.9842895865440369,26
15,0.9505361914634705,26
15,0.9605322480201721,25
15,0.9999933242797852,24
15,0.9992081522941589,24
15,0.9692822098731995,24
16,1.0,23
16,1.0,23
16,1.0,23
16,1.0,23
16,0.9592631459236145,24
16,0.962282121181488,24
16,0.9699540138244629,24
16,0.9836977124214172,24
16,0.9893397688865662,24
16,0.9966090321540833,24
16,0.9991128444671631,24
16,0.9994603991508484,24
17,0.9988810420036316,24
17,0.9983260035514832,24
17,0.9586430191993713,25
17,0.9310706257820129,26
17,0.9539197683334351,26
17,0.9616275429725647,26
17,0.9231946468353271,27
17,0.9339187741279602,27
17,0.953605592250824,28
17,0.9878894090652466,27
17,0.9902384281158447,27
17,0.9658924341201782,28
18,0.967725932598114,28
18,0.9659630656242371,28
18,0.9650208353996277,28
18,0.9843806624412537,28
18,0.9665271639823914,29
18,0.9653224945068359,29
18,0.9984902739524841,30
18,0.9998799562454224,29
18,0.9723421335220337,30
18,0.9388031363487244,30
18,0.932709813117981,30
18,0.9521774649620056,29
19,0.984052836894989,28
19,0.9300528168678284,32
19,0.8811255097389221,32
19,0.9308964014053345,32
19,0.8561049699783325,31
19,0.8977040648460388,31
19,0.9241152405738831,29
19,0.9385874271392822,29
19,0.9049498438835144,29
19,0.8995240330696106,29
19,0.9636938571929932,27
19,0.9637255072593689,27
20,0.964114248752594,27
20,0.9643879532814026,27
20,0.92310631275177,28
20,0.9241331815719604,28
20,0.9378358125686646,28
20,0.9608615040779114,28
20,0.9667801856994629,29
20,1.0,28
20,0.9999911785125732,27
20,0.9938753247261047,28
20,0.9646738767623901,28
20,0.993963897228241,28
21,0.9999989867210388,27
21,0.9654711484909058,28
21,0.9909482002258301,28
21,0.965274453163147,28
21,0.9908909201622009,28
21,0.9652880430221558,28
21,0.9987736344337463,28
21,0.9683628678321838,28
21,0.9999942779541016,28
21,0.9994751811027527,28
21,1.0,29
21,0.9999998807907104,29
22,0.9999940991401672,29
22,0.9779561758041382,30
22,0.9768480658531189,29
22,0.9889166355133057,29
22,0.9638313055038452,29
22,0.9328742027282715,29
22,0.9999621510505676,28
22,0.9660536646842957,28
22,0.9677380323410034,28
22,0.9929675459861755,29
22,0.9360781311988831,29
22,0.9352142810821533,29
23,0.9326445460319519,29
23,0.9327946305274963,28
23,0.9642859101295471,26
23,0.9875277876853943,27
23,0.965802788734436,28
23,0.9656159281730652,28
23,0.930774450302124,31
23,0.9999539256095886,28
23,0.9909006357192993,28
23,0.9824524521827698,28
23,0.9980509281158447,26
23,0.9580428600311279,29
0,0.8770836591720581,31
0,0.7864086627960205,34
0,0.8239871859550476,32
0,0.8518044352531433,31
0,0.8462976217269897,31
0,0.8291383981704712,31
0,0.7720268964767456,32
0,0.7105551362037659,33
0,0.6052362322807312,34
0,0.7267060875892639,31
0,0.7344698309898376,29
0,0.6857386827468872,30
1,0.7703966498374939,27
1,0.7465980648994446,28
1,0.7550612092018127,28
1,0.773645281791687,28
1,0.7638615965843201,29
1,0.7786920666694641,29
1,0.8116497993469238,28
1,0.7885397672653198,28
1,0.8222373723983765,27
1,0.838772714138031,27
1,0.8844882249832153,26
1,0.8524302840232849,29
2,0.8203848600387573,30
2,0.9030259251594543,29
2,0.8894768953323364,30
2,0.8647423982620239,31
2,0.8334869742393494,31
2,0.911377489566803,29
2,0.9256084561347961,29
2,0.9359933137893677,30
2,0.9233102798461914,30
2,0.9058281779289246,30
2,0.9241944551467896,29
2,0.9195141196250916,29
3,0.9505290985107422,28
3,0.9507021903991699,28
3,0.9498926997184753,28
3,0.9490577578544617,28
3,0.948722779750824,28
3,0.9493657350540161,28
3,0.9528264999389648,28
3,0.9597403407096863,28
3,0.9676249623298645,28
3,0.9396076202392578,29
3,0.9361492395401001,29
3,0.9228696227073669,29
4,0.9178853631019592,29
4,0.9508169889450073,28
4,0.9530292749404907,28
4,0.9554600715637207,28
4,0.9256801009178162,29
4,0.9310244917869568,29
4,0.9439070224761963,29
4,0.9604325890541077,29
4,0.9688389301300049,29
4,0.9719921350479126,29
4,0.9721928834915161,29
4,0.9708225131034851,29
5,0.9693585634231567,29
5,0.9679984450340271,29
5,0.9668785333633423,29
5,0.9657053351402283,29
5,0.9320156574249268,30
5,0.9289043545722961,30
5,0.9248844981193542,30
5,0.89413982629776,26
5,0.8933102488517761,26
5,0.9373031854629517,25
5,0.9469266533851624,25
5,0.9558438062667847,25
6,0.9307396411895752,26
6,0.8517454862594604,29
6,0.8769928216934204,29
6,0.8680753111839294,30
6,0.8578770756721497,30
6,0.8692765235900879,29
6,0.8703437447547913,29
6,0.8831295967102051,29
6,0.9935807585716248,26
6,0.9603159427642822,27
6,0.9606131315231323,27
6,0.9569482207298279,27
7,0.9498855471611023,27
7,0.9557575583457947,27
7,0.8520891666412354,29
7,0.820270836353302,30
7,0.937261164188385,28
7,0.9838395714759827,28
7,0.9715563654899597,28
7,0.9654418230056763,28
7,0.9988165497779846,27
7,0.9876975417137146,27
7,0.967200517654419,27
7,0.9997987151145935,26
8,0.9285475611686707,28
8,0.9011802077293396,29
8,0.8906765580177307,29
8,0.8949829936027527,28
8,0.8414224982261658,29
8,0.8650107383728027,28
8,0.8391021490097046,29
8,0.7856118679046631,32
8,0.9091678261756897,30
8,0.877578854560852,31
8,0.8734638690948486,31
8,0.8977644443511963,31
9,0.920154869556427,31
9,0.9281224608421326,31
9,0.9315018653869629,31
9,0.9348429441452026,31
9,0.90949547290802,32
9,0.9079691171646118,32
9,0.8877824544906616,32
9,0.7798668146133423,35
9,0.7248499989509583,38
9,0.8401502370834351,35
9,0.8379135131835938,35
9,0.7757416367530823,36
10,0.7537102103233337,36
10,0.7813850045204163,34
10,0.7573807239532471,35
10,0.7939318418502808,34
10,0.8314858675003052,33
10,0.8382327556610107,33
10,0.7676056027412415,35
10,0.7740467190742493,34
10,0.8150540590286255,32
10,0.8328899145126343,31
10,0.8284343481063843,31
10,0.8622210025787354,30
11,0.8778977990150452,30
11,0.9263018369674683,29
11,0.931113600730896,29
11,0.8640821576118469,31
11,0.7931325435638428,33
11,0.77888023853302,33
11,0.7891151905059814,32
11,0.7864394187927246,31
11,0.7654278874397278,31
11,0.7904113531112671,30
11,0.843876838684082,28
11,0.8603256940841675,27
12,0.8465216159820557,27
12,0.8016811609268188,28
12,0.7529336214065552,29
12,0.6973956823348999,30
12,0.6824095249176025,30
12,0.7441633939743042,28
12,0.75894695520401,28
12,0.8646025657653809,24
12,0.7741612195968628,26
12,0.9646117091178894,27
12,0.9536327719688416,26
12,0.9854294657707214,24
13,0.9307546615600586,24
13,0.9275989532470703,24
13,0.9890381097793579,25
13,0.9967193603515625,25
13,0.999990701675415,25
13,0.9614843130111694,25
13,0.9606320261955261,25
13,0.9998509287834167,25
13,1.0,24
13,0.9701165556907654,26
13,1.0,26
13,1.0,26
14,0.9999982714653015,25
14,1.0,25
14,0.9622964262962341,26
14,0.9793370962142944,26
14,0.9621334075927734,26
14,1.0,25
14,0.9999253749847412,26
14,0.9396381378173828,27
14,0.9658458232879639,26
14,0.9838793277740479,29
14,0.9981794357299805,28
14,0.9699787497520447,28
15,0.9652193188667297,28
15,0.9999999403953552,27
15,0.9999997615814209,27
15,0.9999926090240479,27
15,0.9998542070388794,27
15,0.9977307319641113,27
15,0.9878025054931641,27
15,0.9658898711204529,27
15,0.9713656902313232,26
15,0.9312970042228699,25
15,0.9699117541313171,24
15,0.9610057473182678,24
16,0.9999867081642151,23
16,0.9999822378158569,23
16,0.9999628663063049,23
16,0.9950582385063171,23
16,0.9850438833236694,23
16,1.0,22
16,0.9210720658302307,24
16,0.922781765460968,24
16,0.9254463315010071,24
16,0.8939318656921387,25
16,0.902046799659729,25
16,0.928351879119873,25
17,0.9107168316841125,25
17,0.941849946975708,25
17,0.8862897157669067,27
17,0.8714385032653809,28
17,0.9333720803260803,28
17,0.9805821776390076,28
17,0.9560474753379822,28
17,0.9693395495414734,28
17,0.9942360520362854,28
17,0.992157518863678,28
17,0.9958486557006836,28
17,0.9708909392356873,28
18,0.9955447912216187,28
18,0.9959043264389038,28
18,0.9946966171264648,28
18,0.9925074577331543,28
18,0.9310694932937622,30
18,0.9725743532180786,30
18,0.9657102227210999,30
18,0.9120428562164307,31
18,0.9123913049697876,31
18,0.9824354648590088,29
18,0.9665091633796692,30
18,0.9448264241218567,31
19,0.9501625299453735,31
19,0.9245055317878723,31
19,0.9148021340370178,31
19,0.9725666642189026,29
19,0.9392542243003845,31
19,0.9705870151519775,30
19,0.9578829407691956,30
19,0.934281051158905,30
19,0.9544591307640076,31
19,0.9526196122169495,30
19,0.935457170009613,30
19,0.9652606248855591,29
20,0.9635986089706421,27
20,0.9634266495704651,27
20,1.0,26
20,1.0,26
20,0.9634159207344055,27
20,0.9633728861808777,27
20,0.9635799527168274,27
20,0.9647707343101501,27
20,0.9683493971824646,27
20,0.9730215072631836,28
20,0.951653778553009,28
20,0.9372699856758118,28
21,0.9355095624923706,28
21,0.9329500794410706,28
21,0.930278480052948,28
21,1.0,26
21,0.9639966487884521,27
21,0.9043764472007751,29
21,0.9627918004989624,29
21,0.950248122215271,29
21,1.0,26
21,1.0,26
21,1.0,26
21,0.9634124040603638,27
22,1.0,26
22,1.0,26
22,0.9998703002929688,27
22,0.9615334868431091,30
22,0.9721054434776306,29
22,0.9929044246673584,29
22,0.9643692374229431,31
22,0.9730430841445923,28
22,0.9830964207649231,28
22,0.9810817241668701,29
22,0.9553830027580261,30
22,0.9628823399543762,29
23,0.9983752965927124,28
23,0.9069298505783081,28
23,0.8914089202880859,29
23,0.8711198568344116,28
23,0.9236096143722534,29
23,0.9722126126289368,28
23,0.9371731281280518,26
23,0.8929588794708252,25
23,0.8621479868888855,26
23,0.9562199711799622,23
23,0.9611428380012512,23
23,0.9885205030441284,23
0,0.8770836591720581,31
0,0.900743842124939,29
0,0.884823203086853,29
0,0.9113661646842957,28
0,0.8776540160179138,29
0,0.831679105758667,30
0,0.817291259765625,31
0,0.7978742718696594,32
0,0.7818647027015686,31
0,0.8284042477607727,30
0,0.7788975238800049,29
0,0.7350009679794312,30
1,0.78600013256073,28
1,0.8144021034240723,27
1,0.812015950679779,27
1,0.8545186519622803,26
1,0.8922634720802307,25
1,0.8936895728111267,25
1,0.9310219287872314,24
1,0.9299240708351135,24
1,0.9276280999183655,24
1,0.9349160194396973,24
1,0.9840136170387268,23
1,0.9900735020637512,23
2,0.9526443481445312,24
2,0.9547683000564575,23
2,0.8777726888656616,25
2,0.888766884803772,25
2,0.9217638969421387,25
2,0.9137505888938904,25
2,0.8978354930877686,25
2,0.9055914282798767,24
2,0.8684244155883789,24
2,0.8452598452568054,24
2,0.8421690464019775,24
2,0.8402308821678162,24
3,0.8440947532653809,23
3,0.9045003056526184,21
3,0.8984329700469971,21
3,0.9123772978782654,21
3,0.918193519115448,21
3,0.9131722450256348,21
3,0.8323895931243896,23
3,0.8265486359596252,26
3,0.839210569858551,26
3,0.8597915172576904,26
3,0.8883495926856995,26
3,0.906024694442749,26
4,0.9074907302856445,26
4,0.9551124572753906,25
4,0.8921792507171631,27
4,0.9022350907325745,27
4,0.8590936064720154,29
4,0.847472071647644,30
4,0.8836421370506287,30
4,0.9649415612220764,29
4,0.947910726070404,30
4,0.9497917294502258,30
4,0.9577332139015198,30
4,0.9652708768844604,30
5,0.9640665054321289,30
5,0.9600065350532532,30
5,0.9541532397270203,30
5,0.9536428451538086,30
5,0.9571107029914856,30
5,0.8656799793243408,27
5,0.8661574125289917,27
5,0.89413982629776,26
5,0.8933102488517761,26
5,0.9373031854629517,25
5,0.9469266533851624,25
5,0.9558438062667847,25
6,0.9307396411895752,26
6,0.8517454862594604,29
6,0.8769928216934204,29
6,0.8680753111839294,30
6,0.8578770756721497,30
6,0.8692765235900879,29
6,0.8703437447547913,29
6,0.8831295967102051,29
6,0.9935807585716248,26
6,0.9603159427642822,27
6,0.9606131315231323,27
6,0.9569482207298279,27
7,0.9498855471611023,27
7,0.9557575583457947,27
7,0.8520891666412354,29
7,0.820270836353302,30
7,0.937261164188385,28
7,0.9838395714759827,28
7,0.9715563654899597,28
7,0.9654418230056763,28
7,0.9988165497779846,27
7,0.9876975417137146,27
7,0.967200517654419,27
7,0.9997987151145935,26
8,0.9285475611686707,28
8,0.9011802077293396,29
8,0.8906765580177307,29
8,0.8949829936027527,28
8,0.8414224982261658,29
8,0.8650107383728027,28
8,0.8391021490097046,29
8,0.7856118679046631,32
8,0.9091678261756897,30
8,0.877578854560852,31
8,0.8734638690948486,31
8,0.8977644443511963,31
9,0.920154869556427,31
9,0.9281224608421326,31
9,0.9315018653869629,31
9,0.9348429441452026,31
9,0.90949547290802,32
9,0.9079691171646118,32
9,0.8877824544906616,32
9,0.7798668146133423,35
9,0.7248499989509583,38
9,0.8401502370834351,35
9,0.8379135131835938,35
9,0.7757416367530823,36
10,0.7537102103233337,36
10,0.7813850045204163,34
10,0.7573807239532471,35
10,0.7939318418502808,34
10,0.8314858675003052,33
10,0.8382327556610107,33
10,0.7676056027412415,35
10,0.7740467190742493,34
10,0.8150540590286255,32
10,0.8328899145126343,31
10,0.8284343481063843,31
10,0.8622210025787354,30
11,0.8778977990150452,30
11,0.9263018369674683,29
11,0.931113600730896,29
11,0.8640821576118469,31
11,0.7931325435638428,33
11,0.77888023853302,33
11,0.7891151905059814,32
11,0.7864394187927246,31
11,0.7654278874397278,31
11,0.7904113531112671,30
11,0.843876838684082,28
11,0.8603256940841675,27
12,0.8465216159820557,27
12,0.88603675365448,27
12,0.8972411155700684,27
12,0.8860477805137634,27
12,0.8725556135177612,27
12,0.8642643690109253,27
12,0.8608059287071228,27
12,0.8919344544410706,26
12,0.9081660509109497,28
12,0.8676272034645081,28
12,0.9987226128578186,26
12,0.9602128267288208,27
13,0.999984860420227,26
13,0.999984622001648,26
13,1.0,23
13,1.0,23
13,0.9607325196266174,25
13,1.0,24
13,0.9634431004524231,26
13,0.9964365363121033,25
13,0.9660479426383972,26
13,0.9997957348823547,25
13,0.9975012540817261,26
13,0.999731183052063,26
14,0.9991527199745178,26
14,0.9943667650222778,27
14,1.0,27
14,0.9999988675117493,27
14,0.9998660087585449,27
14,0.9356017708778381,28
14,0.9786800742149353,29
14,0.9817496538162231,29
14,0.9923340678215027,28
14,0.9996113181114197,27
14,1.0,26
14,1.0,26
15,1.0,26
15,0.9999998807907104,26
15,0.9638314843177795,27
15,0.9643212556838989,27
15,0.939639687538147,27
15,0.9768040180206299,25
15,0.9938102960586548,25
15,0.9394346475601196,26
15,0.9211187362670898,26
15,0.977358341217041,25
15,0.9722701907157898,25
15,0.9931713342666626,25
16,0.9966444373130798,25
16,0.9978353381156921,25
16,0.9984866380691528,25
16,0.997637152671814,25
16,0.9930875897407532,25
16,0.9867919087409973,25
16,0.9739022254943848,25
16,0.9658337235450745,25
16,0.9613340497016907,25
16,0.9999597668647766,24
16,0.9989190101623535,24
16,0.9906210899353027,24
17,0.9411207437515259,25
17,0.9463236331939697,25
17,0.9470231533050537,25
17,0.8906000852584839,27
17,0.9635473489761353,26
17,0.9638718366622925,27
17,0.9942076802253723,27
17,0.9311636686325073,28
17,0.9999834895133972,27
17,0.9593126177787781,28
17,0.9707866311073303,28
17,0.9965769052505493,28
18,0.9998908042907715,28
18,0.9999695420265198,28
18,0.9999708533287048,28
18,0.9999876618385315,28
18,0.9999938607215881,28
18,0.9999874830245972,28
18,0.9680918455123901,29
18,0.9926651120185852,29
18,0.9998078942298889,29
18,0.9722403883934021,30
18,0.9767001271247864,31
18,0.9888973832130432,31
19,0.984894335269928,31
19,0.945438802242279,32
19,0.9202181696891785,33
19,0.9357788562774658,33
19,0.938605010509491,33
19,0.9340560436248779,33
19,0.9360942244529724,33
19,0.9611912965774536,32
19,0.9615844488143921,32
19,0.9388835430145264,32
19,0.9912725687026978,32
19,0.9891111850738525,31
20,0.9120371341705322,31
20,0.9118303656578064,29
20,0.9998703002929688,28
20,0.9682021141052246,28
20,0.9883732795715332,28
20,0.9631643295288086,28
20,0.9606422781944275,28
20,0.9822956919670105,28
20,0.9605170488357544,28
20,0.9739356637001038,28
20,0.972087562084198,28
20,0.9878255724906921,28
21,0.99980229139328,27
21,0.9997859001159668,27
21,0.9999328255653381,27
21,0.9999833703041077,27
21,0.9996040463447571,27
21,0.9994496703147888,27
21,0.9998191595077515,27
21,0.9986442923545837,27
21,0.9713217616081238,28
21,0.9972419738769531,28
21,0.9701398015022278,28
21,0.9899305701255798,28
22,0.9903297424316406,28
22,0.999034583568573,27
22,0.9998424649238586,27
22,0.999970018863678,27
22,0.9792681336402893,28
22,0.9999381899833679,28
22,0.9658975005149841,28
22,0.9984024167060852,28
22,0.9884083271026611,30
22,0.934036135673523,29
22,0.9328291416168213,30
22,0.9926642179489136,28
23,0.9773573279380798,30
23,0.9926928877830505,29
23,0.9723861813545227,30
23,0.9914880394935608,28
23,0.9535156488418579,29
23,0.9615360498428345,29
23,0.9336072206497192,29
23,0.9676390290260315,28
23,0.9576325416564941,28
23,0.9358628988265991,28
23,0.9762057662010193,27
23,0.8931484818458557,28
0,0.8770836591720581,31
0,0.8978500962257385,30
0,0.8840169310569763,30
0,0.879543125629425,30
0,0.8186429738998413,32
0,0.785785436630249,33
0,0.7590333223342896,36
0,0.7555745244026184,35
0,0.74411541223526,33
0,0.7333743572235107,33
0,0.8086949586868286,31
0,0.8243045806884766,31
1,0.842140793800354,30
1,0.7405807375907898,32
1,0.735822319984436,29
1,0.7583850622177124,28
1,0.8280962705612183,26
1,0.8256769180297852,26
1,0.8271961808204651,26
1,0.8336162567138672,26
1,0.8773143291473389,25
1,0.8888627886772156,25
1,0.8999097943305969,25
1,0.9463838934898376,24
2,0.9511516094207764,24
2,0.9491596221923828,24
2,0.9346394538879395,24
2,0.8855491876602173,25
2,0.8833174705505371,25
2,0.8603948354721069,26
2,0.8858298659324646,26
2,0.8611230850219727,26
2,0.8181489109992981,26
2,0.9151808023452759,23
2,0.8802130222320557,24
2,0.8875595927238464,24
3,0.9338953495025635,23
3,0.8947312831878662,24
3,0.9108163714408875,24
3,0.9266999363899231,24
3,0.9210831522941589,24
3,0.8431071639060974,25
3,0.7982311248779297,25
3,0.8646496534347534,23
3,0.953751802444458,21
3,0.9086554050445557,22
3,0.9092132449150085,22
3,0.914921760559082,22
4,0.927278459072113,22
4,0.9026744961738586,23
4,0.9123154282569885,23
4,0.8740358352661133,24
4,0.8741052746772766,24
4,0.8835515379905701,24
4,0.899928092956543,24
4,0.8737400770187378,25
4,0.8847448825836182,25
4,0.894681453704834,25
4,0.8894697427749634,25
4,0.8761144876480103,26
5,0.9595252871513367,24
5,0.9739770293235779,24
5,0.9481037259101868,25
5,0.8808987736701965,27
5,0.8706958889961243,27
5,0.8656799793243408,27
5,0.8661574125289917,27
5,0.89413982629776,26
5,0.8933102488517761,26
5,0.9373031854629517,25
5,0.9469266533851624,25
5,0.9558438062667847,25
6,0.9307396411895752,26
6,0.8517454862594604,29
6,0.8769928216934204,29
6,0.8680753111839294,30
6,0.8578770756721497,30
6,0.8692765235900879,29
6,0.8703437447547913,29
6,0.8831295967102051,29
6,0.9935807585716248,26
6,0.9603159427642822,27
6,0.9606131315231323,27
6,0.9569482207298279,27
7,0.9498855471611023,27
7,0.9557575583457947,27
7,0.8520891666412354,29
7,0.820270836353302,30
7,0.937261164188385,28
7,0.9838395714759827,28
7,0.9715563654899597,28
7,0.9654418230056763,28
7,0.9988165497779846,27
7,0.9876975417137146,27
7,0.967200517654419,27
7,0.9997987151145935,26
8,0.9285475611686707,28
8,0.9011802077293396,29
8,0.8906765580177307,29
8,0.8949829936027527,28
8,0.8414224982261658,29
8,0.8650107383728027,28
8,0.8391021490097046,29
8,0.7856118679046631,32
8,0.9091678261756897,30
8,0.877578854560852,31
8,0.8734638690948486,31
8,0.8977644443511963,31
9,0.920154869556427,31
9,0.9281224608421326,31
9,0.9315018653869629,31
9,0.9348429441452026,31
9,0.90949547290802,32
9,0.9079691171646118,32
9,0.8877824544906616,32
9,0.7798668146133423,35
9,0.7248499989509583,38
9,0.8401502370834351,35
9,0.8379135131835938,35
9,0.7757416367530823,36
10,0.7537102103233337,36
10,0.7813850045204163,34
10,0.7573807239532471,35
10,0.7939318418502808,34
10,0.8314858675003052,33
10,0.8382327556610107,33
10,0.7676056027412415,35
10,0.7740467190742493,34
10,0.8150540590286255,32
10,0.8328899145126343,31
10,0.8284343481063843,31
10,0.8622210025787354,30
11,0.8778977990150452,30
11,0.9263018369674683,29
11,0.931113600730896,29
11,0.8640821576118469,31
11,0.7931325435638428,33
11,0.77888023853302,33
11,0.7891151905059814,32
11,0.7864394187927246,31
11,0.7654278874397278,31
11,0.7904113531112671,30
11,0.843876838684082,28
11,0.8603256940841675,27
12,0.8465216159820557,27
12,0.8016811609268188,28
12,0.7529336214065552,29
12,0.6973956823348999,30
12,0.6824095249176025,30
12,0.7441633939743042,28
12,0.75894695520401,28
12,0.788802444934845,27
12,0.7848258018493652,27
12,0.9203593730926514,27
12,0.9206726551055908,27
12,0.9177971482276917,27
13,0.8762515187263489,28
13,0.8552127480506897,28
13,0.810698926448822,29
13,0.8365761041641235,28
13,0.8306339383125305,28
13,0.7524999976158142,30
13,0.7505446672439575,30
13,0.7584331631660461,30
13,0.7783298492431641,29
13,0.8203832507133484,28
13,0.8465141654014587,28
13,0.8080020546913147,30
14,0.7512096762657166,30
14,0.7432180047035217,31
14,0.7828590273857117,30
14,0.7987164855003357,30
14,0.8193302154541016,30
14,0.8435953855514526,30
14,0.8668615818023682,30
14,0.8820425271987915,30
14,0.8809959888458252,30
14,0.881527304649353,30
14,0.9177746176719666,29
14,0.9235281944274902,29
15,0.8953027725219727,30
15,0.8965445160865784,30
15,0.9013215899467468,30
15,0.9177592396736145,30
15,0.9373983144760132,30
15,0.9663683772087097,29
15,0.9237295389175415,30
15,0.9107115268707275,30
15,0.890224039554596,30
15,0.8816539645195007,30
15,0.9035396575927734,29
15,0.9646165370941162,27
16,0.9622005820274353,27
16,0.9969375133514404,26
16,0.9949659109115601,26
16,0.9559127688407898,27
16,0.9276652932167053,28
16,0.9470695853233337,28
16,0.9527842402458191,28
16,0.9521146416664124,28
16,0.9452044367790222,28
16,0.9089759588241577,29
16,0.8788860440254211,30
16,0.9389228820800781,30
17,0.9389344453811646,30
17,0.9095561504364014,31
17,0.8868131041526794,32
17,0.9012377858161926,32
17,0.9138854742050171,32
17,0.9134302139282227,32
17,0.9046795964241028,32
17,0.954255998134613,27
17,0.9464861750602722,27
17,0.9382447004318237,27
17,0.8943996429443359,28
17,0.9180497527122498,27
18,0.9115647077560425,27
18,0.9083187580108643,27
18,0.9079115390777588,27
18,0.908234179019928,27
18,0.9043388962745667,28
18,0.8797104954719543,29
18,0.8912508487701416,29
18,0.9416746497154236,28
18,0.9299593567848206,29
18,0.9119318723678589,30
18,0.9214300513267517,30
18,0.9325656294822693,30
19,0.9132238030433655,31
19,0.9277560114860535,31
19,0.9232633113861084,29
19,0.8859445452690125,31
19,0.9066065549850464,30
19,0.8911171555519104,31
19,0.9369950890541077,30
19,0.8495683670043945,32
19,0.9326243996620178,30
19,0.8495701551437378,32
19,0.8574788570404053,32
19,0.8829589486122131,32
20,0.882758378982544,32
20,0.8913877606391907,32
20,0.9204246997833252,31
20,0.9085692167282104,31
20,0.8955709338188171,31
20,0.8925130367279053,31
20,0.8767136335372925,32
20,0.8982329368591309,32
20,0.9489037990570068,31
20,0.9643582701683044,31
20,0.9333335161209106,32
20,0.9287486672401428,32
21,0.9300804734230042,32
21,0.9359143972396851,32
21,0.9354082942008972,32
21,0.9258664846420288,32
21,0.8955545425415039,33
21,0.8788787126541138,33
21,0.8504982590675354,33
21,0.7979703545570374,34
21,0.7831738591194153,34
21,0.7736061215400696,34
21,0.7591776847839355,34
21,0.886462926864624,29
22,0.8727771043777466,31
22,0.8660631775856018,31
22,0.8533987402915955,31
22,0.7512935400009155,35
22,0.8663230538368225,33
22,0.8755986094474792,33
22,0.8600903749465942,34
22,0.8255155086517334,36
22,0.8562639355659485,36
22,0.8856879472732544,36
22,0.8334541916847229,38
22,0.7920373678207397,37
23,0.7745597958564758,37
23,0.7486311793327332,38
23,0.7850419282913208,36
23,0.8048339486122131,35
23,0.8121053576469421,35
23,0.8293574452400208,35
23,0.8360980153083801,35
23,0.8417452573776245,35
23,0.8368125557899475,35
23,0.8302299976348877,35
23,0.8347283005714417,35
23,0.8334805965423584,35
0,0.8770836591720581,31
0,0.8978500962257385,30
0,0.8840169310569763,30
0,0.879543125629425,30
0,0.8186429738998413,32
0,0.785785436630249,33
0,0.7590333223342896,36
0,0.7555745244026184,35
0,0.74411541223526,33
0,0.7333743572235107,33
0,0.8086949586868286,31
0,0.8243045806884766,31
1,0.842140793800354,30
1,0.7405807375907898,32
1,0.735822319984436,29
1,0.7583850622177124,28
1,0.8280962705612183,26
1,0.8256769180297852,26
1,0.8271961808204651,26
1,0.8336162567138672,26
1,0.8773143291473389,25
1,0.8888627886772156,25
1,0.8999097943305969,25
1,0.9463838934898376,24
2,0.9511516094207764,24
2,0.9491596221923828,24
2,0.9346394538879395,24
2,0.8855491876602173,25
2,0.8833174705505371,25
2,0.8603948354721069,26
2,0.8858298659324646,26
2,0.8611230850219727,26
2,0.8181489109992981,26
2,0.9151808023452759,23
2,0.8802130222320557,24
2,0.8875595927238464,24
3,0.9338953495025635,23
3,0.8947312831878662,24
3,0.9108163714408875,24
3,0.9266999363899231,24
3,0.9210831522941589,24
3,0.8431071639060974,25
3,0.7982311248779297,25
3,0.8646496534347534,23
3,0.953751802444458,21
3,0.9086554050445557,22
3,0.9092132449150085,22
3,0.914921760559082,22
4,0.927278459072113,22
4,0.9026744961738586,23
4,0.9123154282569885,23
4,0.8740358352661133,24
4,0.8741052746772766,24
4,0.8835515379905701,24
4,0.899928092956543,24
4,0.8737400770187378,25
4,0.8847448825836182,25
4,0.894681453704834,25
4,0.8894697427749634,25
4,0.8761144876480103,26
5,0.9595252871513367,24
5,0.9739770293235779,24
5,0.9481037259101868,25
5,0.8808987736701965,27
5,0.8706958889961243,27
5,0.8656799793243408,27
5,0.8661574125289917,27
5,0.89413982629776,26
5,0.8933102488517761,26
5,0.9373031854629517,25
5,0.9469266533851624,25
5,0.9558438062667847,25
6,0.9307396411895752,26
6,0.8517454862594604,29
6,0.8769928216934204,29
6,0.8680753111839294,30
6,0.8578770756721497,30
6,0.8692765235900879,29
6,0.8703437447547913,29
6,0.8831295967102051,29
6,0.9935807585716248,26
6,0.9603159427642822,27
6,0.9606131315231323,27
6,0.9569482207298279,27
7,0.9498855471611023,27
7,0.9557575583457947,27
7,0.8520891666412354,29
7,0.820270836353302,30
7,0.937261164188385,28
7,0.9838395714759827,28
7,0.9715563654899597,28
7,0.9654418230056763,28
7,0.9988165497779846,27
7,0.9876975417137146,27
7,0.967200517654419,27
7,0.9997987151145935,26
8,0.9285475611686707,28
8,0.9011802077293396,29
8,0.8906765580177307,29
8,0.8949829936027527,28
8,0.8414224982261658,29
8,0.8650107383728027,28
8,0.8391021490097046,29
8,0.7856118679046631,32
8,0.9091678261756897,30
8,0.877578854560852,31
8,0.8734638690948486,31
8,0.8977644443511963,31
9,0.920154869556427,31
9,0.9281224608421326,31
9,0.9315018653869629,31
9,0.9348429441452026,31
9,0.90949547290802,32
9,0.9079691171646118,32
9,0.8877824544906616,32
9,0.7798668146133423,35
9,0.7248499989509583,38
9,0.8401502370834351,35
9,0.8379135131835938,35
9,0.7757416367530823,36
10,0.7537102103233337,36
10,0.7813850045204163,34
10,0.7573807239532471,35
10,0.7939318418502808,34
10,0.8314858675003052,33
10,0.8382327556610107,33
10,0.7676056027412415,35
10,0.7740467190742493,34
10,0.8150540590286255,32
10,0.8328899145126343,31
10,0.8284343481063843,31
10,0.8622210025787354,30
11,0.8778977990150452,30
11,0.9263018369674683,29
11,0.931113600730896,29
11,0.8640821576118469,31
11,0.7931325435638428,33
11,0.77888023853302,33
11,0.7891151905059814,32
11,0.7864394187927246,31
11,0.7654278874397278,31
11,0.7904113531112671,30
11,0.843876838684082,28
11,0.8603256940841675,27
12,0.8465216159820557,27
12,0.8016811609268188,28
12,0.7529336214065552,29
12,0.6973956823348999,30
12,0.6824095249176025,30
12,0.7441633939743042,28
12,0.75894695520401,28
12,0.788802444934845,27
12,0.7848258018493652,27
12,0.7828406691551208,27
12,0.8030344247817993,26
12,0.7896645069122314,26
13,0.802136242389679,25
13,0.8242833614349365,24
13,0.8249626755714417,24
13,0.8576735854148865,23
13,0.8389349579811096,23
13,0.785203754901886,24
13,0.800172746181488,23
13,0.859392523765564,21
13,0.8559542298316956,21
13,0.8649623394012451,21
13,0.8256412744522095,22
13,0.730689525604248,25
14,0.8221256136894226,24
14,0.9212502837181091,23
14,0.8977077603340149,24
14,0.8559579253196716,25
14,0.8510461449623108,25
14,0.8589373826980591,25
14,0.9131740927696228,24
14,0.9698053598403931,23
14,0.9812209010124207,23
14,0.9874650835990906,23
14,0.9891547560691833,23
14,0.9866260290145874,23
15,0.982409656047821,23
15,0.9770567417144775,23
15,0.9717158675193787,23
15,0.9663712978363037,23
15,0.9229270815849304,24
15,0.92049640417099,24
15,0.9188968539237976,24
15,0.9177796244621277,24
15,0.9167898297309875,24
15,0.9156633019447327,24
15,0.9139741063117981,24
15,0.9525883793830872,23
16,0.9516421556472778,23
16,0.8737878203392029,25
16,0.8799891471862793,25
16,0.8789583444595337,25
16,0.8468760251998901,26
16,0.8197910785675049,27
16,0.8278865218162537,27
16,0.8402129411697388,27
16,0.8567612767219543,27
16,0.8429370522499084,28
16,0.8830724358558655,27
16,0.8861727714538574,27
17,0.8881177306175232,27
17,0.8956215977668762,27
17,0.843766987323761,29
17,0.8558246493339539,29
17,0.8684952259063721,29
17,0.8916540741920471,26
17,0.8980739116668701,26
17,0.8991743922233582,26
17,0.9012441635131836,26
17,0.903900146484375,26
17,0.9429564476013184,25
17,0.9452047944068909,25
18,0.9467132091522217,25
18,0.9478347301483154,25
18,0.9512432813644409,25
18,0.9546483755111694,25
18,0.9579686522483826,25
18,0.860872745513916,28
18,0.8730006217956543,28
18,0.9013957381248474,28
18,0.9300767183303833,28
18,0.9208773374557495,28
18,0.9138752818107605,28
18,0.8440651297569275,30
19,0.8250986933708191,31
19,0.8794218301773071,30
19,0.9286245107650757,29
19,0.9167405962944031,29
19,0.9071579575538635,29
19,0.8760939240455627,30
19,0.8868840932846069,30
19,0.9162352085113525,30
19,0.9289960265159607,30
19,0.9310477375984192,30
19,0.935339629650116,30
19,0.9383065104484558,30
20,0.9714754819869995,29
20,0.9686558842658997,29
20,0.9640432000160217,29
20,0.8996930122375488,31
20,0.8975986242294312,31
20,0.8971431255340576,31
20,0.9003772139549255,31
20,0.9069716930389404,31
20,0.914034903049469,31
20,0.9177847504615784,31
20,0.9180121421813965,31
20,0.9471459984779358,30
21,0.9455811381340027,30
21,0.9438740611076355,30
21,0.9117550849914551,31
21,0.9106210470199585,31
21,0.9116982817649841,31
21,0.9169665575027466,31
21,0.9243956208229065,31
21,0.9307847619056702,31
21,0.9347268342971802,31
21,0.9338240623474121,31
21,0.9309554100036621,31
21,0.9261439442634583,31
22,0.9238618016242981,31
22,0.9231047034263611,31
22,0.9531059265136719,30
22,0.9516393542289734,30
22,0.9453230500221252,30
22,0.9039334058761597,31
22,0.8925445079803467,31
22,0.8858902454376221,31
22,0.8951928019523621,30
22,0.8105970025062561,37
22,0.8132315874099731,36
22,0.8596333861351013,34
23,0.8859490752220154,33
23,0.8843781352043152,33
23,0.87319415807724,33
23,0.8526508212089539,33
23,0.8116716742515564,34
23,0.8449245691299438,33
23,0.8918860554695129,32
23,0.9228312373161316,31
23,0.8837684392929077,32
23,0.9034864902496338,31
23,0.9316897988319397,30
23,0.9296625256538391,30
0,0.8770836591720581,31
0,0.8978500962257385,30
0,0.8840169310569763,30
0,0.879543125629425,30
0,0.8186429738998413,32
0,0.785785436630249,33
0,0.7590333223342896,36
0,0.991777777671814,26
0,0.9719861149787903,26
0,0.9233103394508362,27
0,0.8977404236793518,27
0,0.8589001297950745,28
1,0.8036900758743286,31
1,0.8110494017601013,32
1,0.7812943458557129,29
1,0.8519027829170227,27
1,0.8411029577255249,26
1,0.8261063098907471,26
1,0.8471688628196716,25
1,0.8490575551986694,25
1,0.924472451210022,23
1,0.9288907051086426,23
1,0.9307106733322144,23
1,0.8850631713867188,24
2,0.8793541789054871,24
2,0.8937477469444275,24
2,0.9437479972839355,23
2,0.9069777131080627,24
2,0.8869248032569885,24
2,0.9020878076553345,23
2,0.9415819048881531,22
2,0.9080830216407776,23
2,0.9118618965148926,23
2,0.9154181480407715,23
2,0.963623583316803,22
2,0.9778110384941101,22
3,0.9880029559135437,22
3,0.9548211097717285,23
3,0.9837919473648071,23
3,0.9747574925422668,23
3,0.9415666460990906,23
3,0.903439462184906,23
3,0.8667667508125305,22
3,0.8113501071929932,23
3,0.8669953942298889,22
3,0.9045982956886292,22
3,0.9543373584747314,21
3,0.9531017541885376,21
4,0.9087865948677063,22
4,0.9061756730079651,22
4,0.8998987674713135,22
4,0.885371208190918,22
4,0.8323826193809509,23
4,0.8330584168434143,23
4,0.8548437356948853,23
4,0.9221842288970947,22
4,0.939670741558075,22
4,0.9083523750305176,23
4,0.9144492149353027,23
4,0.9251418113708496,23
5,0.9108240008354187,24
5,0.9367220997810364,24
5,0.9351179003715515,24
5,0.9205594062805176,24
5,0.8525673747062683,26
5,0.9129179120063782,25
5,0.9623115658760071,25
5,0.9820706248283386,25
5,0.950980544090271,26
5,0.9455638527870178,26
5,0.9312311410903931,26
5,0.9265222549438477,26
6,0.9647472500801086,25
6,0.9681562781333923,25
6,0.9391542673110962,26
6,0.9168156385421753,27
6,0.935463011264801,27
6,0.9634270668029785,27
6,0.9860988259315491,27
6,0.9585420489311218,28
6,0.9164845943450928,29
6,0.8742614388465881,30
6,0.9606131315231323,27
6,0.9569482207298279,27
7,0.9498855471611023,27
7,0.9557575583457947,27
7,0.8520891666412354,29
7,0.820270836353302,30
7,0.937261164188385,28
7,0.9838395714759827,28
7,0.9715563654899597,28
7,0.9654418230056763,28
7,0.9988165497779846,27
7,0.9876975417137146,27
7,0.967200517654419,27
7,0.9997987151145935,26
8,0.9285475611686707,28
8,0.9011802077293396,29
8,0.8906765580177307,29
8,0.8949829936027527,28
8,0.8414224982261658,29
8,0.8650107383728027,28
8,0.8391021490097046,29
8,0.7856118679046631,32
8,0.9091678261756897,30
8,0.877578854560852,31
8,0.8734638690948486,31
8,0.8977644443511963,31
9,0.920154869556427,31
9,0.9281224608421326,31
9,0.9315018653869629,31
9,0.9348429441452026,31
9,0.90949547290802,32
9,0.9079691171646118,32
9,0.8877824544906616,32
9,0.7798668146133423,35
9,0.7248499989509583,38
9,0.8401502370834351,35
9,0.8379135131835938,35
9,0.7757416367530823,36
10,0.7537102103233337,36
10,0.7813850045204163,34
10,0.7573807239532471,35
10,0.7939318418502808,34
10,0.8314858675003052,33
10,0.8382327556610107,33
10,0.7676056027412415,35
10,0.7740467190742493,34
10,0.8150540590286255,32
10,0.8328899145126343,31
10,0.8284343481063843,31
10,0.8622210025787354,30
11,0.8778977990150452,30
11,0.9263018369674683,29
11,0.931113600730896,29
11,0.8640821576118469,31
11,0.7931325435638428,33
11,0.77888023853302,33
11,0.7891151905059814,32
11,0.7864394187927246,31
11,0.7654278874397278,31
11,0.7904113531112671,30
11,0.843876838684082,28
11,0.8603256940841675,27
12,0.8465216159820557,27
12,0.8610772490501404,32
12,0.876209557056427,31
12,0.8340044021606445,32
12,0.8180364370346069,32
12,0.8371766805648804,31
12,0.8627788424491882,30
12,0.964515209197998,25
12,0.95924973487854,25
12,0.840291440486908,25
12,0.879941999912262,25
12,0.8971585035324097,26
13,0.9627676010131836,24
13,0.9703410267829895,24
13,0.9873005747795105,24
13,1.0,23
13,1.0,23
13,1.0,23
13,0.9975855946540833,24
13,0.9997420310974121,24
13,1.0,25
13,0.9866434335708618,26
13,0.9763551354408264,27
13,0.9992157220840454,27
14,1.0,25
14,1.0,25
14,1.0,25
14,0.9794742465019226,27
14,0.9999998807907104,26
14,0.9744033217430115,27
14,0.9782695770263672,27
14,0.9666180610656738,27
14,0.9989347457885742,28
14,0.9999450445175171,27
14,0.9783714413642883,28
14,0.9999992847442627,27
15,0.9998050332069397,27
15,0.9952282309532166,27
15,0.9663219451904297,27
15,0.9999850988388062,26
15,0.9970775842666626,26
15,0.9615615010261536,26
15,0.9747381806373596,25
15,0.9815824031829834,25
15,0.9653639197349548,25
15,0.9687401056289673,25
15,0.9632849097251892,25
15,0.9636121988296509,25
16,0.9605891704559326,25
16,0.930449366569519,25
16,0.9714836478233337,24
16,0.9808127284049988,24
16,0.9897907376289368,24
16,0.9975578188896179,24
16,0.9991013407707214,24
16,0.996894359588623,24
16,0.985829770565033,24
16,0.9691335558891296,24
16,0.9619798064231873,24
16,0.9591864943504333,24
17,0.9208875894546509,25
17,0.960456371307373,24
17,0.9674220085144043,24
17,0.9813609719276428,24
17,0.9946864247322083,24
17,0.9600046277046204,25
17,0.9275919198989868,26
17,0.917191207408905,27
17,0.9633868336677551,27
17,0.938569962978363,27
17,0.9859585165977478,27
17,0.963409423828125,27
18,0.9420815706253052,28
18,0.950439453125,28
18,0.9699592590332031,28
18,0.9365071654319763,28
18,0.9644874930381775,28
18,0.9447213411331177,29
18,0.9685109853744507,29
18,0.884398341178894,30
18,0.9838634729385376,29
18,0.9958834052085876,28
18,0.9426983594894409,29
18,0.9650396704673767,28
19,0.9990196228027344,27
19,0.9646657109260559,28
19,0.9853314161300659,28
19,0.9471538066864014,30
19,0.8974040746688843,33
19,0.9400362968444824,31
19,0.9381420016288757,32
19,0.9538077116012573,32
19,0.9707598686218262,32
19,0.892145574092865,32
19,0.9258861541748047,31
19,0.9605909585952759,30
20,0.9501234292984009,30
20,0.9700024127960205,29
20,0.931555986404419,30
20,0.9295200109481812,30
20,0.9550215601921082,29
20,0.977671205997467,28
20,0.9165335297584534,29
20,0.9111990332603455,29
20,0.918143630027771,29
20,0.963044285774231,28
20,0.9996445178985596,27
20,0.9998676776885986,27
21,0.9999546408653259,27
21,0.9999619126319885,27
21,0.9999778270721436,27
21,0.9999858736991882,27
21,0.9923584461212158,29
21,1.0,27
21,0.9652997255325317,28
21,0.9653436541557312,28
21,0.965752899646759,28
21,0.9682378172874451,28
21,0.9713042974472046,29
21,0.9771999716758728,29
22,0.9899230003356934,29
22,0.9462938904762268,29
22,0.9771219491958618,29
22,0.9659853577613831,29
22,0.9987812638282776,28
22,0.993506908416748,28
22,0.8991378545761108,29
22,0.942384660243988,29
22,0.9184615612030029,29
22,0.952958345413208,30
22,0.9673309922218323,30
22,0.9520856142044067,30
23,0.9777989387512207,29
23,0.945305347442627,31
23,0.985796332359314,29
23,0.9321393966674805,30
23,0.9405328631401062,31
23,0.9913046360015869,31
23,0.9630700349807739,30
23,0.9093631505966187,32
23,0.9895657896995544,29
23,0.963977575302124,27
23,0.9290280342102051,28
23,0.9658253788948059,27
0,0.8770836591720581,31
0,0.8978500962257385,30
0,0.8840169310569763,30
0,0.879543125629425,30
0,0.8186429738998413,32
0,0.785785436630249,33
0,0.7754424214363098,35
0,0.9022762775421143,29
0,0.8879748582839966,30
0,0.8370488882064819,32
0,0.7087688446044922,36
0,0.7810719013214111,33
1,0.826568603515625,32
1,0.7898668646812439,30
1,0.7668837904930115,30
1,0.7763291597366333,29
1,0.7747755646705627,29
1,0.7864040732383728,29
1,0.8595842719078064,27
1,0.8688106536865234,27
1,0.8254122734069824,28
1,0.8032441735267639,28
1,0.7929427027702332,28
1,0.8501182794570923,26
2,0.835648238658905,24
2,0.8418505191802979,23
2,0.7796902656555176,24
2,0.8253771662712097,23
2,0.7710953950881958,26
2,0.7924138307571411,26
2,0.8513047099113464,25
2,0.8806476593017578,25
2,0.8895506262779236,25
2,0.812892496585846,27
2,0.8999797105789185,25
2,0.9583360552787781,24
3,0.9666226506233215,24
3,0.9548586010932922,24
3,0.9108330011367798,25
3,0.9162091612815857,25
3,0.9228575229644775,25
3,0.8431071639060974,25
3,0.7982311248779297,25
3,0.8646496534347534,23
3,0.953751802444458,21
3,0.9086554050445557,22
3,0.9092132449150085,22
3,0.914921760559082,22
4,0.927278459072113,22
4,0.9026744961738586,23
4,0.9123154282569885,23
4,0.8740358352661133,24
4,0.8741052746772766,24
4,0.8835515379905701,24
4,0.899928092956543,24
4,0.8737400770187378,25
4,0.8847448825836182,25
4,0.894681453704834,25
4,0.8894697427749634,25
4,0.8761144876480103,26
5,0.9595252871513367,24
5,0.9739770293235779,24
5,0.9481037259101868,25
5,0.8808987736701965,27
5,0.8706958889961243,27
5,0.8656799793243408,27
5,0.8661574125289917,27
5,0.7969487905502319,32
5,0.8945339322090149,29
5,0.9327763915061951,29
5,0.985063374042511,28
5,0.9915902018547058,28
6,0.9285228848457336,30
6,0.9187340140342712,30
6,0.93330979347229,30
6,0.9661574959754944,29
6,0.8665955662727356,32
6,0.8504059314727783,32
6,0.8065222501754761,34
6,0.8042585253715515,34
6,0.8120262622833252,34
6,0.8392053246498108,33
6,0.8379052877426147,33
6,0.8628985285758972,32
7,0.8636369705200195,32
7,0.8915801048278809,31
7,0.8831226229667664,31
7,0.9028769731521606,30
7,0.8650662899017334,31
7,0.8553441166877747,31
7,0.8454631567001343,31
7,0.8082088232040405,32
7,0.8030825257301331,32
7,0.8392703533172607,31
7,0.8528857231140137,31
7,0.8763090968132019,31
8,0.8831257224082947,33
8,0.9011802077293396,29
8,0.8906765580177307,29
8,0.8949829936027527,28
8,0.8414224982261658,29
8,0.8650107383728027,28
8,0.8391021490097046,29
8,0.7856118679046631,32
8,0.9091678261756897,30
8,0.877578854560852,31
8,0.8734638690948486,31
8,0.8977644443511963,31
9,0.920154869556427,31
9,0.9281224608421326,31
9,0.9315018653869629,31
9,0.9348429441452026,31
9,0.90949547290802,32
9,0.9079691171646118,32
9,0.8877824544906616,32
9,0.7798668146133423,35
9,0.7248499989509583,38
9,0.8401502370834351,35
9,0.8379135131835938,35
9,0.7757416367530823,36
10,0.7537102103233337,36
10,0.7813850045204163,34
10,0.7573807239532471,35
10,0.7939318418502808,34
10,0.8314858675003052,33
10,0.8382327556610107,33
10,0.7676056027412415,35
10,0.7740467190742493,34
10,0.8150540590286255,32
10,0.8328899145126343,31
10,0.8284343481063843,31
10,0.8622210025787354,30
11,0.8778977990150452,30
11,0.9263018369674683,29
11,0.931113600730896,29
11,0.8640821576118469,31
11,0.7931325435638428,33
11,0.77888023853302,33
11,0.7891151905059814,32
11,0.7864394187927246,31
11,0.7654278874397278,31
11,0.7904113531112671,30
11,0.843876838684082,28
11,0.8603256940841675,27
12,0.8465216159820557,27
12,0.8016811609268188,28
12,0.7529336214065552,29
12,0.6973956823348999,30
12,0.6824095249176025,30
12,0.7441633939743042,28
12,0.8377284407615662,25
12,0.9693161845207214,24
12,0.9580504894256592,24
12,0.9069936275482178,26
12,1.0,25
12,0.9944645762443542,24
13,0.9974637031555176,24
13,0.9991340637207031,24
13,1.0,23
13,1.0,23
13,0.9999933838844299,25
13,0.9999207258224487,26
13,0.9917213916778564,26
13,0.9996871948242188,26
13,0.9996339082717896,26
13,0.9705333113670349,26
13,0.9999551177024841,27
13,0.9632582664489746,27
14,0.999339759349823,26
14,0.9991934895515442,26
14,0.9999995231628418,25
14,0.9999139308929443,25
14,0.9961432814598083,26
14,0.9762152433395386,26
14,0.9618778228759766,26
14,0.9999901056289673,26
14,0.9653959274291992,28
14,1.0,27
14,0.9941443800926208,29
14,0.9708839654922485,29
15,0.9998406171798706,29
15,0.990300714969635,29
15,0.9726858735084534,29
15,0.9676206707954407,29
15,0.9684292078018188,28
15,0.999933123588562,26
15,0.9998372197151184,26
15,0.9981328248977661,26
15,0.9851645827293396,26
15,0.9549786448478699,26
15,0.9251757264137268,26
15,0.9930248260498047,24
16,0.9999964237213135,23
16,0.9999972581863403,23
16,0.9999905228614807,23
16,0.9999673366546631,23
16,0.999885082244873,23
16,0.9587671160697937,24
16,0.9588914513587952,24
16,0.9190499186515808,25
16,0.9302318692207336,25
16,0.9534875750541687,25
16,0.9206522703170776,26
16,0.9277458190917969,26
17,0.9520277380943298,26
17,0.9210507869720459,27
17,0.9707863330841064,26
17,0.916705846786499,27
17,0.961296021938324,26
17,0.9213486313819885,27
17,0.9734088182449341,26
17,0.9291975498199463,27
17,0.9885773062705994,26
17,0.9416515231132507,27
17,0.9500130414962769,27
17,0.9940283894538879,27
18,0.9979126453399658,27
18,0.9995369911193848,27
18,0.9465586543083191,28
18,0.9735383987426758,28
18,0.9425509572029114,28
18,0.9234491586685181,28
18,0.9371083974838257,28
18,0.953642725944519,26
18,0.9406960606575012,28
18,0.9558348059654236,27
18,0.932297945022583,29
18,0.9338377714157104,29
19,0.9112554788589478,30
19,0.934750497341156,30
19,0.9954249858856201,29
19,0.9264667630195618,28
19,0.9183817505836487,27
19,0.8675360083580017,29
19,0.9615123271942139,32
19,0.9583755731582642,29
19,0.959131121635437,30
19,0.938641369342804,30
19,0.9800938963890076,29
19,0.9358948469161987,31
20,0.9977027773857117,29
20,0.996096670627594,29
20,0.9938191771507263,29
20,0.9947617650032043,29
20,0.9964960813522339,29
20,0.9850872159004211,29
20,0.9733135104179382,29
20,0.9748193025588989,29
20,0.9969047904014587,29
20,0.9745801091194153,29
20,0.988345205783844,29
20,0.9627536535263062,29
21,0.9619367718696594,29
21,0.9609898328781128,29
21,0.9964328408241272,28
21,0.9621313214302063,29
21,1.0,28
21,0.9743708968162537,29
21,0.9976113438606262,28
21,0.9999996423721313,27
21,0.933334231376648,29
21,1.0,27
21,1.0,27
21,0.9872360229492188,28
22,1.0,27
22,1.0,27
22,0.9651572108268738,28
22,0.9350704550743103,29
22,0.9658563137054443,29
22,0.966010570526123,29
22,0.969736635684967,29
22,0.968125581741333,29
22,0.9723586440086365,29
22,0.9669137597084045,30
22,0.9327027201652527,30
22,0.9999020099639893,29
23,0.999933123588562,30
23,0.9998323917388916,30
23,0.968789279460907,31
23,0.9999173879623413,28
23,0.9633273482322693,29
23,0.9988911747932434,27
23,0.999294102191925,28
23,0.9790454506874084,28
23,0.9641949534416199,28
23,0.9469555020332336,29
23,0.969289243221283,28
23,0.9760696291923523,27
0,0.8770836591720581,31
0,0.8776537179946899,31
0,0.8729865550994873,31
0,0.8435168266296387,32
0,0.8209176063537598,33
0,0.7708466053009033,36
0,0.7150668501853943,36
0,0.7137622237205505,34
0,0.665930449962616,33
0,0.7787919044494629,28
0,0.8550100326538086,26
0,0.8342739939689636,27
1,0.908862292766571,25
1,0.8797304630279541,26
1,0.8903506994247437,26
1,0.9123655557632446,26
1,0.8538221716880798,27
1,0.7577061057090759,29
1,0.7992362380027771,27
1,0.8030165433883667,27
1,0.7851940393447876,28
1,0.8290904760360718,27
1,0.8999097943305969,25
1,0.9463838934898376,24
2,0.9511516094207764,24
2,0.9491596221923828,24
2,0.9346394538879395,24
2,0.8855491876602173,25
2,0.8833174705505371,25
2,0.8603948354721069,26
2,0.8952920436859131,26
2,0.8839672803878784,26
2,0.8550614714622498,26
2,0.9124496579170227,24
2,0.7090757489204407,25
2,0.7447574734687805,24
3,0.7613925337791443,23
3,0.7013429999351501,26
3,0.7294309139251709,27
3,0.7793983817100525,26
3,0.7568339705467224,27
3,0.8512706160545349,25
3,0.868674099445343,25
3,0.9151776432991028,24
3,0.8815448880195618,25
3,0.8515981435775757,26
3,0.858403742313385,26
3,0.8707253932952881,26
4,0.8605403304100037,27
4,0.8702006936073303,28
4,0.906058669090271,28
4,0.8920973539352417,29
4,0.8986981511116028,29
4,0.8978036046028137,29
4,0.895613431930542,29
4,0.888949990272522,29
4,0.9401779174804688,27
4,0.9316393733024597,27
4,0.9282904863357544,27
4,0.9626700282096863,26
5,0.962791383266449,26
5,0.9627287983894348,26
5,0.9612492322921753,26
5,0.9493027925491333,26
5,0.8981316089630127,27
5,0.9030629396438599,27
5,0.9519277811050415,26
5,0.965199887752533,25
5,0.9608766436576843,25
5,0.961631715297699,25
5,0.9644445776939392,25
5,0.9705712199211121,25
6,0.9805035591125488,25
6,0.9903886318206787,25
6,0.9970468878746033,25
6,0.9992581009864807,25
6,0.999817430973053,25
6,0.9999199509620667,25
6,0.9528630375862122,26
6,0.9492748975753784,26
6,0.9467151165008545,26
6,0.90888512134552,27
6,0.949394166469574,26
6,0.9965351223945618,25
7,0.9498855471611023,27
7,0.9557575583457947,27
7,0.8520891666412354,29
7,0.820270836353302,30
7,0.937261164188385,28
7,0.9838395714759827,28
7,0.9715563654899597,28
7,0.9654418230056763,28
7,0.9988165497779846,27
7,0.9876975417137146,27
7,0.967200517654419,27
7,0.9997987151145935,26
8,0.9285475611686707,28
8,0.9011802077293396,29
8,0.8906765580177307,29
8,0.8949829936027527,28
8,0.8414224982261658,29
8,0.8650107383728027,28
8,0.8391021490097046,29
8,0.7856118679046631,32
8,0.9091678261756897,30
8,0.877578854560852,31
8,0.8734638690948486,31
8,0.8977644443511963,31
9,0.920154869556427,31
9,0.9281224608421326,31
9,0.9315018653869629,31
9,0.9348429441452026,31
9,0.90949547290802,32
9,0.9079691171646118,32
9,0.8877824544906616,32
9,0.7798668146133423,35
9,0.7248499989509583,38
9,0.8401502370834351,35
9,0.8379135131835938,35
9,0.7757416367530823,36
10,0.7537102103233337,36
10,0.7813850045204163,34
10,0.7573807239532471,35
10,0.7939318418502808,34
10,0.8314858675003052,33
10,0.8382327556610107,33
10,0.7676056027412415,35
10,0.7740467190742493,34
10,0.8150540590286255,32
10,0.8328899145126343,31
10,0.8284343481063843,31
10,0.8622210025787354,30
11,0.8778977990150452,30
11,0.9263018369674683,29
11,0.931113600730896,29
11,0.8640821576118469,31
11,0.7931325435638428,33
11,0.77888023853302,33
11,0.7891151905059814,32
11,0.7864394187927246,31
11,0.7654278874397278,31
11,0.7904113531112671,30
11,0.843876838684082,28
11,0.8603256940841675,27
12,0.8465216159820557,27
12,0.8016811609268188,28
12,0.7529336214065552,29
12,0.6973956823348999,30
12,0.6824095249176025,30
12,0.7441633939743042,28
12,0.75894695520401,28
12,0.788802444934845,27
12,0.7848258018493652,27
12,0.9209729433059692,27
12,0.9657943844795227,28
12,0.9695171117782593,25
13,0.9986445903778076,24
13,0.9976751208305359,24
13,0.9994257092475891,24
13,0.9823401570320129,24
13,0.9999994039535522,25
13,1.0,25
13,1.0,25
13,1.0,26
13,0.9999650716781616,26
13,0.999999463558197,26
13,0.9899569153785706,27
13,0.9629531502723694,26
14,0.9999829530715942,26
14,0.9623833894729614,26
14,0.9738734364509583,26
14,0.9998335242271423,26
14,0.9679107666015625,26
14,0.9999994039535522,26
14,0.9999890923500061,27
14,0.9995408654212952,28
14,0.9999997615814209,29
14,0.9985647797584534,29
14,0.9933205842971802,29
14,0.9769359827041626,29
15,0.9090291261672974,29
15,1.0,26
15,1.0,26
15,1.0,26
15,0.9999997019767761,26
15,0.9999863505363464,26
15,0.9995183348655701,26
15,0.9930496215820312,26
15,0.9684788584709167,26
15,0.9864842295646667,25
15,0.9611226916313171,25
15,1.0,24
16,0.9620664119720459,25
16,0.947640061378479,26
16,0.9399409294128418,25
16,0.9999991059303284,23
16,0.9999964237213135,23
16,0.9599115252494812,24
16,0.9687191843986511,24
16,0.9824643135070801,24
16,0.9903437495231628,24
16,0.9955546259880066,24
16,0.9951408505439758,24
16,0.9835618138313293,24
17,0.9830729365348816,24
17,0.9792445302009583,24
17,0.9772281646728516,24
17,0.9096571207046509,26
17,0.9406296014785767,26
17,0.9527817964553833,26
17,0.9517637491226196,26
17,0.9269589781761169,27
17,0.9888586401939392,26
17,0.998905599117279,26
17,0.9633650779724121,27
17,0.9793192744255066,27
18,0.9747616052627563,27
18,0.9647206664085388,28
18,0.9226442575454712,29
18,0.9998127818107605,28
18,0.9388967752456665,30
18,0.9366933107376099,29
18,0.964273989200592,30
18,0.9985923767089844,29
18,0.9672226309776306,29
18,0.9795951843261719,27
18,0.9361023902893066,28
18,0.9652666449546814,28
19,0.9734581112861633,28
19,0.9928643107414246,28
19,0.9534119367599487,29
19,0.8711525201797485,31
19,0.9057399034500122,31
19,0.89970862865448,31
19,0.8313043713569641,32
19,0.8494846820831299,31
19,0.9568992853164673,28
19,0.9653564095497131,28
19,0.9470878839492798,28
19,0.9867224097251892,28
20,0.9371291995048523,29
20,0.9689990282058716,28
20,0.9693284630775452,28
20,0.9785168766975403,29
20,0.9691784381866455,29
20,0.9987943768501282,29
20,0.9695598483085632,29
20,0.970260739326477,29
20,0.9577175378799438,29
20,0.9353309869766235,29
20,0.9006152153015137,29
20,0.9428350329399109,28
21,0.9648544192314148,27
21,0.9638650417327881,27
21,0.9999656677246094,28
21,0.9999991655349731,29
21,0.999997079372406,29
21,1.0,28
21,1.0,28
21,1.0,28
21,0.97362220287323,29
21,0.9971396327018738,29
21,0.9999141693115234,28
21,0.9678677916526794,29
22,1.0,28
22,1.0,28
22,1.0,28
22,0.9663437008857727,29
22,0.998785138130188,29
22,0.9461591243743896,29
22,0.9520376920700073,30
22,0.9785536527633667,28
22,0.9661164283752441,28
22,0.980301022529602,28
22,0.996610164642334,28
22,0.9998554587364197,28
23,0.9999989867210388,28
23,0.9999431371688843,28
23,0.9611749053001404,28
23,0.959087073802948,28
23,0.9361746311187744,29
23,0.9446845054626465,29
23,0.998939037322998,28
23,0.9999691247940063,27
23,0.9933329820632935,27
23,0.9292173385620117,28
23,0.8667179346084595,30
23,0.9033794403076172,28
0,0.8770836591720581,31
0,0.8978500962257385,30
0,0.8840169310569763,30
0,0.879543125629425,30
0,0.8186429738998413,32
0,0.785785436630249,33
0,0.7590333223342896,36
0,0.7555745244026184,35
0,0.74411541223526,33
0,0.7333743572235107,33
0,0.8086949586868286,31
0,0.8243045806884766,31
1,0.842140793800354,30
1,0.7405807375907898,32
1,0.735822319984436,29
1,0.7583850622177124,28
1,0.8280962705612183,26
1,0.8256769180297852,26
1,0.8271961808204651,26
1,0.8336162567138672,26
1,0.8773143291473389,25
1,0.8888627886772156,25
1,0.8999097943305969,25
1,0.9463838934898376,24
2,0.9511516094207764,24
2,0.9491596221923828,24
2,0.9346394538879395,24
2,0.8855491876602173,25
2,0.859035313129425,24
2,0.8697153925895691,24
2,0.8957021236419678,24
2,0.9177365303039551,23
2,0.9539291858673096,22
2,0.8916876316070557,29
2,0.9328011274337769,28
2,0.941683292388916,28
3,0.9453898668289185,28
3,0.9454701542854309,28
3,0.9402433633804321,28
3,0.9349542260169983,28
3,0.9345053434371948,28
3,0.9696608781814575,27
3,0.9376791715621948,28
3,0.9401373267173767,28
3,0.9429119825363159,28
3,0.9116266965866089,29
3,0.8837843537330627,30
3,0.8865975141525269,30
4,0.8903528451919556,30
4,0.8919331431388855,30
4,0.8822070956230164,30
4,0.8680477738380432,30
4,0.8655317425727844,30
4,0.8965886831283569,29
4,0.8975701928138733,29
4,0.8996220827102661,29
4,0.9021812677383423,29
4,0.9051348567008972,29
4,0.9087079167366028,29
4,0.9137113690376282,29
5,0.9226669073104858,29
5,0.942295491695404,29
5,0.9574131369590759,29
5,0.9614042043685913,29
5,0.9320275187492371,30
5,0.9289471507072449,30
5,0.8661574125289917,27
5,0.89413982629776,26
5,0.8933102488517761,26
5,0.9373031854629517,25
5,0.9469266533851624,25
5,0.9558438062667847,25
6,0.9307396411895752,26
6,0.8517454862594604,29
6,0.8769928216934204,29
6,0.8680753111839294,30
6,0.8578770756721497,30
6,0.8692765235900879,29
6,0.8703437447547913,29
6,0.8831295967102051,29
6,0.9935807585716248,26
6,0.9603159427642822,27
6,0.9606131315231323,27
6,0.9569482207298279,27
7,0.9498855471611023,27
7,0.9557575583457947,27
7,0.8520891666412354,29
7,0.820270836353302,30
7,0.937261164188385,28
7,0.9838395714759827,28
7,0.9715563654899597,28
7,0.9654418230056763,28
7,0.9988165497779846,27
7,0.9876975417137146,27
7,0.967200517654419,27
7,0.9997987151145935,26
8,0.9285475611686707,28
8,0.9011802077293396,29
8,0.8906765580177307,29
8,0.8949829936027527,28
8,0.8414224982261658,29
8,0.8650107383728027,28
8,0.8391021490097046,29
8,0.7856118679046631,32
8,0.9091678261756897,30
8,0.877578854560852,31
8,0.8734638690948486,31
8,0.8977644443511963,31
9,0.920154869556427,31
9,0.9281224608421326,31
9,0.9315018653869629,31
9,0.9348429441452026,31
9,0.90949547290802,32
9,0.9079691171646118,32
9,0.8877824544906616,32
9,0.7798668146133423,35
9,0.7248499989509583,38
9,0.8401502370834351,35
9,0.8379135131835938,35
9,0.7757416367530823,36
10,0.7537102103233337,36
10,0.7813850045204163,34
10,0.7573807239532471,35
10,0.7939318418502808,34
10,0.8314858675003052,33
10,0.8382327556610107,33
10,0.7676056027412415,35
10,0.7740467190742493,34
10,0.8150540590286255,32
10,0.8328899145126343,31
10,0.8284343481063843,31
10,0.8622210025787354,30
11,0.8778977990150452,30
11,0.9263018369674683,29
11,0.931113600730896,29
11,0.8640821576118469,31
11,0.7931325435638428,33
11,0.77888023853302,33
11,0.7891151905059814,32
11,0.7864394187927246,31
11,0.7654278874397278,31
11,0.7904113531112671,30
11,0.843876838684082,28
11,0.8603256940841675,27
12,0.8465216159820557,27
12,0.8852580189704895,27
12,0.8991730809211731,27
12,0.8864620923995972,27
12,0.8719420433044434,27
12,0.8633376359939575,27
12,0.859783411026001,27
12,0.9590581059455872,24
12,0.8757309913635254,27
12,0.9507458806037903,28
12,0.9446266889572144,28
12,0.9644994139671326,28
13,0.9666199088096619,28
13,0.966488242149353,28
13,1.0,23
13,1.0,23
13,1.0,23
13,0.9999425411224365,25
13,1.0,25
13,1.0,25
13,1.0,25
13,0.9999999403953552,25
13,0.9999929666519165,26
13,0.9634266495704651,27
14,0.980783224105835,27
14,0.9999972581863403,25
14,1.0,25
14,0.9637773036956787,27
14,0.9720411896705627,27
14,1.0,27
14,0.9767813682556152,27
14,0.9999998807907104,27
14,0.9999956488609314,27
14,0.99995356798172,26
14,0.9713751077651978,29
14,1.0,28
15,0.9999998211860657,28
15,0.9999724626541138,28
15,0.9970396757125854,28
15,0.964098334312439,28
15,0.9649330973625183,27
15,1.0,26
15,0.9999973773956299,26
15,0.9998074769973755,26
15,0.9846490621566772,26
15,0.9999997615814209,25
15,0.9999939799308777,25
15,0.9999256134033203,25
16,0.9968476295471191,25
16,0.9609429836273193,25
16,0.8883970975875854,26
16,0.9803604483604431,24
16,0.9763493537902832,24
16,0.996123731136322,24
16,0.995486319065094,24
16,0.9985979199409485,24
16,0.9993944764137268,24
16,0.9999027252197266,24
16,0.9999863505363464,24
16,0.9999980926513672,24
17,0.9999938011169434,24
17,0.9999492764472961,24
17,0.999727725982666,24
17,0.9592069387435913,25
17,0.9996343851089478,25
17,0.9244444966316223,26
17,0.9916530251502991,26
17,0.999628484249115,26
17,0.9999056458473206,26
17,0.9999819993972778,26
17,0.9638499617576599,27
17,0.9706236720085144,27
18,0.971633791923523,27
18,0.9888625741004944,27
18,0.9757630228996277,27
18,0.9641851782798767,28
18,0.987731397151947,27
18,0.9238584041595459,30
18,0.9485760927200317,30
18,0.9421570897102356,30
18,0.9645569324493408,30
18,0.9533916115760803,30
18,0.9761972427368164,30
18,0.9953200817108154,30
19,0.9757430553436279,30
19,0.9808710813522339,30
19,0.9279115200042725,30
19,0.9708699584007263,30
19,0.9924582839012146,29
19,0.9076606035232544,30
19,0.9266582131385803,30
19,0.9468909502029419,29
19,0.8705317378044128,30
19,0.8584905862808228,30
19,0.8680649995803833,29
19,0.9273253083229065,29
20,0.9448981881141663,29
20,0.9104984402656555,29
20,0.9535051584243774,28
20,0.9284170866012573,29
20,0.9211799502372742,29
20,0.9257367849349976,29
20,0.9511088132858276,29
20,0.9990231394767761,27
20,0.9660752415657043,28
20,0.9999978542327881,27
20,0.9999997019767761,27
20,0.9999999403953552,27
21,0.9646481275558472,28
21,0.9646924138069153,28
21,0.9999986886978149,28
21,0.9975114464759827,28
21,0.9975981116294861,28
21,0.9968655705451965,28
21,0.9654825925827026,28
21,0.9967771172523499,28
21,0.9999998807907104,28
21,0.9410942196846008,30
21,0.93352872133255,29
21,0.975557267665863,29
22,0.9990974068641663,28
22,0.9660910367965698,29
22,0.9968661665916443,29
22,0.9930875301361084,29
22,0.9882431030273438,29
22,0.9861778616905212,29
22,0.9596030116081238,30
22,0.9549680352210999,29
22,0.9365825057029724,29
22,0.9999969601631165,27
22,0.9557449221611023,29
22,0.9703708291053772,29
23,0.9332850575447083,30
23,0.9254007339477539,30
23,0.9449483752250671,30
23,0.9180423617362976,30
23,0.9352338910102844,29
23,0.9185715317726135,30
23,0.9481450319290161,30
23,0.9749618172645569,28
23,0.9571238160133362,28
23,0.9275895357131958,28
23,0.9474277496337891,28
23,0.8980414271354675,29
0,0.8770836591720581,31
0,0.9654795527458191,28
0,0.9268277883529663,28
0,0.9237268567085266,28
0,0.9064378142356873,28
0,0.8701626658439636,28
0,0.8573550581932068,28
0,0.9000549912452698,27
0,0.9115985631942749,27
0,0.8981824517250061,27
0,0.8875814080238342,27
0,0.9000210165977478,27
1,0.822555422782898,30
1,0.8136560320854187,30
1,0.8044007420539856,30
1,0.8558315634727478,29
1,0.9104166626930237,27
1,0.9387214183807373,26
1,0.8879695534706116,27
1,0.8704277276992798,27
1,0.8802148103713989,26
1,0.78897625207901,27
1,0.7929699420928955,27
1,0.8366343975067139,26
2,0.8902099132537842,25
2,0.8928744792938232,25
2,0.8751586675643921,25
2,0.8939292430877686,24
2,0.8425543904304504,24
2,0.7522029280662537,26
2,0.826488196849823,24
2,0.8772063255310059,23
2,0.8559188842773438,24
2,0.894442081451416,24
2,0.8730013370513916,25
2,0.8690297603607178,26
3,0.9333119988441467,25
3,0.9429583549499512,25
3,0.9901773929595947,24
3,0.955823540687561,25
3,0.9512473940849304,25
3,0.929465115070343,25
3,0.9234092831611633,25
3,0.9622611999511719,24
3,0.9636077880859375,24
3,0.9642112851142883,24
3,0.8857739567756653,26
3,0.8581944108009338,27
4,0.9361152052879333,26
4,0.9953474402427673,26
4,0.9925297498703003,26
4,0.9788225889205933,26
4,0.9666423201560974,26
4,0.9622681140899658,26
4,0.9999937415122986,25
4,0.9999967217445374,25
4,0.9619786143302917,26
4,0.9638440608978271,26
4,0.9690389633178711,26
4,0.9753438234329224,26
5,0.9846188426017761,26
5,0.9927749037742615,26
5,0.9973013401031494,26
5,0.9991347789764404,26
5,0.999686598777771,26
5,0.9998553395271301,26
5,0.9999313950538635,26
5,0.9632492065429688,27
5,0.9751459360122681,26
5,0.8965029120445251,28
5,0.8986254930496216,28
5,0.898337185382843,28
6,0.8983288407325745,28
6,0.8662732243537903,29
6,0.9062967896461487,28
6,0.9568537473678589,27
6,0.9694451093673706,27
6,0.9457225799560547,28
6,0.9589542150497437,28
6,0.9341572523117065,29
6,0.8974807858467102,30
6,0.9405574798583984,29
6,0.9285004734992981,29
6,0.9094511270523071,29
7,0.8723113536834717,30
7,0.9557575583457947,27
7,0.8520891666412354,29
7,0.820270836353302,30
7,0.937261164188385,28
7,0.9838395714759827,28
7,0.9715563654899597,28
7,0.9654418230056763,28
7,0.9988165497779846,27
7,0.9876975417137146,27
7,0.967200517654419,27
7,0.9997987151145935,26
8,0.9285475611686707,28
8,0.9011802077293396,29
8,0.8906765580177307,29
8,0.8949829936027527,28
8,0.8414224982261658,29
8,0.8650107383728027,28
8,0.8391021490097046,29
8,0.7856118679046631,32
8,0.9091678261756897,30
8,0.877578854560852,31
8,0.8734638690948486,31
8,0.8977644443511963,31
9,0.920154869556427,31
9,0.9281224608421326,31
9,0.9315018653869629,31
9,0.9348429441452026,31
9,0.90949547290802,32
9,0.9079691171646118,32
9,0.8877824544906616,32
9,0.7798668146133423,35
9,0.7248499989509583,38
9,0.8401502370834351,35
9,0.8379135131835938,35
9,0.7757416367530823,36
10,0.7537102103233337,36
10,0.7813850045204163,34
10,0.7573807239532471,35
10,0.7939318418502808,34
10,0.8314858675003052,33
10,0.8382327556610107,33
10,0.7676056027412415,35
10,0.7740467190742493,34
10,0.8150540590286255,32
10,0.8328899145126343,31
10,0.8284343481063843,31
10,0.8622210025787354,30
11,0.8778977990150452,30
11,0.9263018369674683,29
11,0.931113600730896,29
11,0.8640821576118469,31
11,0.7931325435638428,33
11,0.77888023853302,33
11,0.7891151905059814,32
11,0.7864394187927246,31
11,0.7654278874397278,31
11,0.7904113531112671,30
11,0.843876838684082,28
11,0.8603256940841675,27
12,0.8465216159820557,27
12,0.8016811609268188,28
12,0.7529336214065552,29
12,0.6973956823348999,30
12,0.6824095249176025,30
12,0.7441633939743042,28
12,0.75894695520401,28
12,0.788802444934845,27
12,0.9242098331451416,25
12,0.8561423420906067,26
12,0.8633021116256714,28
12,0.8599368929862976,28
13,0.8645184636116028,28
13,0.8703455924987793,28
13,0.895449161529541,27
13,0.8525291085243225,28
13,0.85087651014328,28
13,0.8876519203186035,27
13,0.920354425907135,26
13,0.9189576506614685,26
13,0.9183080196380615,26
13,0.9204421639442444,26
13,0.8690705299377441,28
13,0.8911266922950745,28
14,0.9149962663650513,28
14,0.943074643611908,28
14,0.9238060116767883,29
14,0.9353725910186768,29
14,0.8494359254837036,31
14,0.9624199867248535,28
14,0.9262025356292725,27
14,0.9598756432533264,28
14,0.9674525260925293,28
14,0.8918132781982422,29
14,0.8984094858169556,29
14,0.87214595079422,30
15,0.84632408618927,31
15,0.9098334908485413,30
15,0.8639844655990601,29
15,0.8956438899040222,30
15,0.9485501050949097,29
15,0.8873761296272278,29
15,0.9167807698249817,31
15,0.987821638584137,22
15,0.8765251040458679,25
15,0.920097827911377,24
15,0.9506528377532959,24
15,0.9968619346618652,23
16,0.9933117628097534,23
16,0.9811182618141174,23
16,0.9998347759246826,22
16,0.949799656867981,23
16,0.9167382121086121,24
16,0.9321148991584778,24
16,0.9483936429023743,24
16,0.9199638962745667,25
16,0.9279617071151733,25
16,0.960532009601593,24
16,0.9660475254058838,24
16,0.937825620174408,25
17,0.948762059211731,25
17,0.950761079788208,25
17,0.9335136413574219,25
17,0.8859806656837463,26
17,0.9551159739494324,26
17,0.9376100897789001,26
17,0.9372186064720154,26
17,0.9674172401428223,27
17,0.910981297492981,28
17,0.8852183818817139,29
17,0.8922454118728638,29
17,0.9997230172157288,27
18,0.9936431050300598,27
18,0.9815813899040222,27
18,0.951440691947937,27
18,0.983427882194519,26
18,0.9731833338737488,26
18,0.9676670432090759,27
18,0.9989771246910095,27
18,0.9644037485122681,28
18,0.9733916521072388,27
18,0.9788035154342651,27
18,0.9686395525932312,28
18,0.971522867679596,29
19,0.9570046663284302,29
19,0.9943503141403198,28
19,0.9964790344238281,28
19,0.9974947571754456,28
19,0.9969862699508667,28
19,0.9351294636726379,28
19,0.9958851933479309,27
19,0.965517520904541,27
19,0.9297924041748047,28
19,0.9642281532287598,27
19,0.9994727969169617,28
19,0.9754777550697327,28
20,0.9646554589271545,28
20,0.9387043714523315,29
20,0.9422310590744019,29
20,0.9328345060348511,29
20,0.9164208769798279,29
20,0.9331368803977966,30
20,0.9368903040885925,30
20,0.9735890030860901,28
20,0.9795966148376465,28
20,0.9697995781898499,28
20,0.9581759572029114,28
20,0.9538158178329468,29
21,0.8949525356292725,31
21,0.9240168333053589,29
21,0.9510707259178162,29
21,0.9565907120704651,30
21,0.9648357629776001,30
21,0.9886460304260254,29
21,0.9365717768669128,30
21,0.9524393677711487,30
21,0.9247633814811707,30
21,0.9527723789215088,29
21,0.9363269209861755,28
21,0.946562647819519,28
22,0.9887392520904541,27
22,0.9610538482666016,28
22,0.9934760332107544,27
22,0.9487000107765198,28
22,0.8958794474601746,32
22,0.9121962189674377,31
22,0.8930416703224182,30
22,0.9180888533592224,28
22,0.9471377730369568,27
22,0.9878830313682556,26
22,0.8726249933242798,28
22,0.8913249373435974,28
23,0.8804218173027039,29
23,0.8558176159858704,29
23,0.8480743169784546,29
23,0.9497893452644348,26
23,0.9712104797363281,24
23,0.9703090786933899,24
23,0.8982399702072144,26
23,0.8677371740341187,27
23,0.8721482157707214,27
23,0.8649918437004089,27
23,0.8977561593055725,26
23,0.8452611565589905,29
