date,step,hour,strategy,num_active
2019-04-03,0,0.0,Round-Robin,1
2019-04-03,1,0.08333333333333333,Round-Robin,1
2019-04-03,2,0.16666666666666666,Round-Robin,1
2019-04-03,3,0.25,Round-Robin,1
2019-04-03,4,0.3333333333333333,Round-Robin,1
2019-04-03,5,0.4166666666666667,Round-Robin,1
2019-04-03,6,0.5,Round-Robin,2
2019-04-03,7,0.5833333333333334,Round-Robin,2
2019-04-03,8,0.6666666666666666,Round-Robin,2
2019-04-03,9,0.75,Round-Robin,2
2019-04-03,10,0.8333333333333334,Round-Robin,2
2019-04-03,11,0.9166666666666666,Round-Robin,1
2019-04-03,12,1.0,Round-Robin,1
2019-04-03,13,1.0833333333333333,Round-Robin,1
2019-04-03,14,1.1666666666666667,Round-Robin,1
2019-04-03,15,1.25,Round-Robin,1
2019-04-03,16,1.3333333333333333,Round-Robin,1
2019-04-03,17,1.4166666666666667,Round-Robin,1
2019-04-03,18,1.5,Round-Robin,1
2019-04-03,19,1.5833333333333333,Round-Robin,1
2019-04-03,20,1.6666666666666667,Round-Robin,1
2019-04-03,21,1.75,Round-Robin,1
2019-04-03,22,1.8333333333333333,Round-Robin,1
2019-04-03,23,1.9166666666666667,Round-Robin,1
2019-04-03,24,2.0,Round-Robin,1
2019-04-03,25,2.0833333333333335,Round-Robin,1
2019-04-03,26,2.1666666666666665,Round-Robin,1
2019-04-03,27,2.25,Round-Robin,1
2019-04-03,28,2.3333333333333335,Round-Robin,1
2019-04-03,29,2.4166666666666665,Round-Robin,1
2019-04-03,30,2.5,Round-Robin,1
2019-04-03,31,2.5833333333333335,Round-Robin,1
2019-04-03,32,2.6666666666666665,Round-Robin,1
2019-04-03,33,2.75,Round-Robin,1
2019-04-03,34,2.8333333333333335,Round-Robin,1
2019-04-03,35,2.9166666666666665,Round-Robin,1
2019-04-03,36,3.0,Round-Robin,1
2019-04-03,37,3.0833333333333335,Round-Robin,1
2019-04-03,38,3.1666666666666665,Round-Robin,1
2019-04-03,39,3.25,Round-Robin,1
2019-04-03,40,3.3333333333333335,Round-Robin,1
2019-04-03,41,3.4166666666666665,Round-Robin,1
2019-04-03,42,3.5,Round-Robin,1
2019-04-03,43,3.5833333333333335,Round-Robin,1
2019-04-03,44,3.6666666666666665,Round-Robin,1
2019-04-03,45,3.75,Round-Robin,1
2019-04-03,46,3.8333333333333335,Round-Robin,1
2019-04-03,47,3.9166666666666665,Round-Robin,1
2019-04-03,48,4.0,Round-Robin,1
2019-04-03,49,4.083333333333333,Round-Robin,1
2019-04-03,50,4.166666666666667,Round-Robin,1
2019-04-03,51,4.25,Round-Robin,1
2019-04-03,52,4.333333333333333,Round-Robin,1
2019-04-03,53,4.416666666666667,Round-Robin,1
2019-04-03,54,4.5,Round-Robin,1
2019-04-03,55,4.583333333333333,Round-Robin,1
2019-04-03,56,4.666666666666667,Round-Robin,1
2019-04-03,57,4.75,Round-Robin,1
2019-04-03,58,4.833333333333333,Round-Robin,1
2019-04-03,59,4.916666666666667,Round-Robin,1
2019-04-03,60,5.0,Round-Robin,1
2019-04-03,61,5.083333333333333,Round-Robin,1
2019-04-03,62,5.166666666666667,Round-Robin,1
2019-04-03,63,5.25,Round-Robin,1
2019-04-03,64,5.333333333333333,Round-Robin,1
2019-04-03,65,5.416666666666667,Round-Robin,1
2019-04-03,66,5.5,Uncontrolled,0
2019-04-03,67,5.583333333333333,Uncontrolled,0
2019-04-03,68,5.666666666666667,Uncontrolled,0
2019-04-03,69,5.75,Round-Robin,0
2019-04-03,70,5.833333333333333,Round-Robin,0
2019-04-03,71,5.916666666666667,Round-Robin,0
2019-04-03,72,6.0,Uncontrolled,0
2019-04-03,73,6.083333333333333,Uncontrolled,0
2019-04-03,74,6.166666666666667,Round-Robin,0
2019-04-03,75,6.25,Round-Robin,0
2019-04-03,76,6.333333333333333,Round-Robin,0
2019-04-03,77,6.416666666666667,Round-Robin,0
2019-04-03,78,6.5,Round-Robin,0
2019-04-03,79,6.583333333333333,Round-Robin,0
2019-04-03,80,6.666666666666667,Round-Robin,0
2019-04-03,81,6.75,Round-Robin,0
2019-04-03,82,6.833333333333333,Round-Robin,0
2019-04-03,83,6.916666666666667,Round-Robin,0
2019-04-03,84,7.0,Round-Robin,0
2019-04-03,85,7.083333333333333,Round-Robin,0
2019-04-03,86,7.166666666666667,Round-Robin,0
2019-04-03,87,7.25,Round-Robin,0
2019-04-03,88,7.333333333333333,Round-Robin,0
2019-04-03,89,7.416666666666667,Round-Robin,0
2019-04-03,90,7.5,Round-Robin,0
2019-04-03,91,7.583333333333333,Round-Robin,0
2019-04-03,92,7.666666666666667,Uncontrolled,0
2019-04-03,93,7.75,Uncontrolled,0
2019-04-03,94,7.833333333333333,Uncontrolled,0
2019-04-03,95,7.916666666666667,Uncontrolled,0
2019-04-03,96,8.0,Uncontrolled,0
2019-04-03,97,8.083333333333334,Uncontrolled,0
2019-04-03,98,8.166666666666666,Uncontrolled,0
2019-04-03,99,8.25,Uncontrolled,0
2019-04-03,100,8.333333333333334,Uncontrolled,0
2019-04-03,101,8.416666666666666,Uncontrolled,0
2019-04-03,102,8.5,Uncontrolled,0
2019-04-03,103,8.583333333333334,Uncontrolled,0
2019-04-03,104,8.666666666666666,Uncontrolled,0
2019-04-03,105,8.75,Uncontrolled,0
2019-04-03,106,8.833333333333334,Uncontrolled,0
2019-04-03,107,8.916666666666666,Uncontrolled,0
2019-04-03,108,9.0,Uncontrolled,0
2019-04-03,109,9.083333333333334,Uncontrolled,0
2019-04-03,110,9.166666666666666,Uncontrolled,0
2019-04-03,111,9.25,Uncontrolled,0
2019-04-03,112,9.333333333333334,Uncontrolled,0
2019-04-03,113,9.416666666666666,Uncontrolled,0
2019-04-03,114,9.5,Uncontrolled,0
2019-04-03,115,9.583333333333334,Uncontrolled,0
2019-04-03,116,9.666666666666666,Uncontrolled,0
2019-04-03,117,9.75,Uncontrolled,0
2019-04-03,118,9.833333333333334,Uncontrolled,0
2019-04-03,119,9.916666666666666,Uncontrolled,0
2019-04-03,120,10.0,Uncontrolled,0
2019-04-03,121,10.083333333333334,Uncontrolled,0
2019-04-03,122,10.166666666666666,Uncontrolled,0
2019-04-03,123,10.25,Uncontrolled,0
2019-04-03,124,10.333333333333334,Uncontrolled,0
2019-04-03,125,10.416666666666666,Uncontrolled,0
2019-04-03,126,10.5,Uncontrolled,0
2019-04-03,127,10.583333333333334,Uncontrolled,0
2019-04-03,128,10.666666666666666,Uncontrolled,0
2019-04-03,129,10.75,Uncontrolled,0
2019-04-03,130,10.833333333333334,Uncontrolled,0
2019-04-03,131,10.916666666666666,Uncontrolled,0
2019-04-03,132,11.0,Uncontrolled,0
2019-04-03,133,11.083333333333334,Uncontrolled,0
2019-04-03,134,11.166666666666666,Uncontrolled,0
2019-04-03,135,11.25,Uncontrolled,0
2019-04-03,136,11.333333333333334,Uncontrolled,0
2019-04-03,137,11.416666666666666,Uncontrolled,0
2019-04-03,138,11.5,Uncontrolled,0
2019-04-03,139,11.583333333333334,Uncontrolled,0
2019-04-03,140,11.666666666666666,Uncontrolled,1
2019-04-03,141,11.75,Conservative,1
2019-04-03,142,11.833333333333334,Conservative,1
2019-04-03,143,11.916666666666666,Conservative,1
2019-04-03,144,12.0,Conservative,1
2019-04-03,145,12.083333333333334,Conservative,2
2019-04-03,146,12.166666666666666,Conservative,2
2019-04-03,147,12.25,Conservative,3
2019-04-03,148,12.333333333333334,Conservative,4
2019-04-03,149,12.416666666666666,Conservative,4
2019-04-03,150,12.5,Conservative,4
2019-04-03,151,12.583333333333334,Conservative,5
2019-04-03,152,12.666666666666666,Conservative,5
2019-04-03,153,12.75,Conservative,6
2019-04-03,154,12.833333333333334,Conservative,7
2019-04-03,155,12.916666666666666,Conservative,8
2019-04-03,156,13.0,Conservative,10
2019-04-03,157,13.083333333333334,Conservative,11
2019-04-03,158,13.166666666666666,Conservative,12
2019-04-03,159,13.25,Conservative,16
2019-04-03,160,13.333333333333334,Conservative,17
2019-04-03,161,13.416666666666666,Conservative,20
2019-04-03,162,13.5,Conservative,21
2019-04-03,163,13.583333333333334,Conservative,21
2019-04-03,164,13.666666666666666,Conservative,21
2019-04-03,165,13.75,Conservative,23
2019-04-03,166,13.833333333333334,Conservative,25
2019-04-03,167,13.916666666666666,Conservative,28
2019-04-03,168,14.0,Conservative,30
2019-04-03,169,14.083333333333334,Conservative,33
2019-04-03,170,14.166666666666666,Conservative,36
2019-04-03,171,14.25,Conservative,39
2019-04-03,172,14.333333333333334,Conservative,46
2019-04-03,173,14.416666666666666,Conservative,47
2019-04-03,174,14.5,Conservative,46
2019-04-03,175,14.583333333333334,Conservative,46
2019-04-03,176,14.666666666666666,Conservative,45
2019-04-03,177,14.75,Conservative,44
2019-04-03,178,14.833333333333334,Conservative,43
2019-04-03,179,14.916666666666666,Conservative,42
2019-04-03,180,15.0,Conservative,42
2019-04-03,181,15.083333333333334,Uncontrolled,41
2019-04-03,182,15.166666666666666,Uncontrolled,39
2019-04-03,183,15.25,Uncontrolled,38
2019-04-03,184,15.333333333333334,Uncontrolled,37
2019-04-03,185,15.416666666666666,Uncontrolled,34
2019-04-03,186,15.5,Uncontrolled,33
2019-04-03,187,15.583333333333334,Uncontrolled,30
2019-04-03,188,15.666666666666666,Uncontrolled,28
2019-04-03,189,15.75,Uncontrolled,26
2019-04-03,190,15.833333333333334,Uncontrolled,26
2019-04-03,191,15.916666666666666,Uncontrolled,26
2019-04-03,192,16.0,Uncontrolled,26
2019-04-03,193,16.083333333333332,Uncontrolled,25
2019-04-03,194,16.166666666666668,Uncontrolled,25
2019-04-03,195,16.25,Uncontrolled,24
2019-04-03,196,16.333333333333332,Uncontrolled,23
2019-04-03,197,16.416666666666668,Uncontrolled,23
2019-04-03,198,16.5,Uncontrolled,22
2019-04-03,199,16.583333333333332,Uncontrolled,22
2019-04-03,200,16.666666666666668,Uncontrolled,21
2019-04-03,201,16.75,Uncontrolled,18
2019-04-03,202,16.833333333333332,Round-Robin,17
2019-04-03,203,16.916666666666668,Round-Robin,17
2019-04-03,204,17.0,Round-Robin,17
2019-04-03,205,17.083333333333332,Round-Robin,16
2019-04-03,206,17.166666666666668,Round-Robin,16
2019-04-03,207,17.25,Round-Robin,16
2019-04-03,208,17.333333333333332,Round-Robin,15
2019-04-03,209,17.416666666666668,Round-Robin,14
2019-04-03,210,17.5,Round-Robin,14
2019-04-03,211,17.583333333333332,Round-Robin,13
2019-04-03,212,17.666666666666668,Round-Robin,13
2019-04-03,213,17.75,Round-Robin,12
2019-04-03,214,17.833333333333332,Round-Robin,10
2019-04-03,215,17.916666666666668,Round-Robin,10
2019-04-03,216,18.0,Round-Robin,10
2019-04-03,217,18.083333333333332,Round-Robin,10
2019-04-03,218,18.166666666666668,Round-Robin,10
2019-04-03,219,18.25,Round-Robin,10
2019-04-03,220,18.333333333333332,Round-Robin,9
2019-04-03,221,18.416666666666668,Round-Robin,11
2019-04-03,222,18.5,Round-Robin,10
2019-04-03,223,18.583333333333332,Round-Robin,10
2019-04-03,224,18.666666666666668,Round-Robin,10
2019-04-03,225,18.75,Round-Robin,10
2019-04-03,226,18.833333333333332,Round-Robin,10
2019-04-03,227,18.916666666666668,Round-Robin,10
2019-04-03,228,19.0,Round-Robin,10
2019-04-03,229,19.083333333333332,Round-Robin,9
2019-04-03,230,19.166666666666668,Round-Robin,10
2019-04-03,231,19.25,Round-Robin,9
2019-04-03,232,19.333333333333332,Round-Robin,9
2019-04-03,233,19.416666666666668,Round-Robin,9
2019-04-03,234,19.5,Round-Robin,9
2019-04-03,235,19.583333333333332,Round-Robin,9
2019-04-03,236,19.666666666666668,Round-Robin,9
2019-04-03,237,19.75,Round-Robin,9
2019-04-03,238,19.833333333333332,Round-Robin,9
2019-04-03,239,19.916666666666668,Round-Robin,8
2019-04-03,240,20.0,Round-Robin,7
2019-04-03,241,20.083333333333332,Round-Robin,6
2019-04-03,242,20.166666666666668,Round-Robin,6
2019-04-03,243,20.25,Round-Robin,5
2019-04-03,244,20.333333333333332,Round-Robin,4
2019-04-03,245,20.416666666666668,Round-Robin,4
2019-04-03,246,20.5,Round-Robin,4
2019-04-03,247,20.583333333333332,Round-Robin,5
2019-04-03,248,20.666666666666668,Round-Robin,5
2019-04-03,249,20.75,Round-Robin,5
2019-04-03,250,20.833333333333332,Round-Robin,5
2019-04-03,251,20.916666666666668,Round-Robin,6
2019-04-03,252,21.0,Round-Robin,6
2019-04-03,253,21.083333333333332,Round-Robin,5
2019-04-03,254,21.166666666666668,Round-Robin,5
2019-04-03,255,21.25,Round-Robin,5
2019-04-03,256,21.333333333333332,Round-Robin,5
2019-04-03,257,21.416666666666668,Round-Robin,6
2019-04-03,258,21.5,Round-Robin,5
2019-04-03,259,21.583333333333332,Round-Robin,5
2019-04-03,260,21.666666666666668,Round-Robin,5
2019-04-03,261,21.75,Round-Robin,4
2019-04-03,262,21.833333333333332,Round-Robin,4
2019-04-03,263,21.916666666666668,Round-Robin,4
2019-04-03,264,22.0,Round-Robin,4
2019-04-03,265,22.083333333333332,Round-Robin,6
2019-04-03,266,22.166666666666668,Round-Robin,6
2019-04-03,267,22.25,Round-Robin,5
2019-04-03,268,22.333333333333332,Round-Robin,5
2019-04-03,269,22.416666666666668,Round-Robin,6
2019-04-03,270,22.5,Round-Robin,6
2019-04-03,271,22.583333333333332,Round-Robin,6
2019-04-03,272,22.666666666666668,Round-Robin,6
2019-04-03,273,22.75,Round-Robin,6
2019-04-03,274,22.833333333333332,Round-Robin,6
2019-04-03,275,22.916666666666668,Round-Robin,6
2019-04-03,276,23.0,Round-Robin,7
2019-04-03,277,23.083333333333332,Round-Robin,9
2019-04-03,278,23.166666666666668,Round-Robin,9
2019-04-03,279,23.25,Round-Robin,8
2019-04-03,280,23.333333333333332,Round-Robin,8
2019-04-03,281,23.416666666666668,Round-Robin,7
2019-04-03,282,23.5,Round-Robin,9
2019-04-03,283,23.583333333333332,Round-Robin,9
2019-04-03,284,23.666666666666668,Round-Robin,8
2019-04-03,285,23.75,Round-Robin,8
2019-04-03,286,23.833333333333332,Round-Robin,7
2019-04-03,287,23.916666666666668,Conservative,7
2019-04-04,0,0.0,Round-Robin,1
2019-04-04,1,0.08333333333333333,Round-Robin,1
2019-04-04,2,0.16666666666666666,Round-Robin,1
2019-04-04,3,0.25,Round-Robin,1
2019-04-04,4,0.3333333333333333,Round-Robin,1
2019-04-04,5,0.4166666666666667,Round-Robin,1
2019-04-04,6,0.5,Round-Robin,1
2019-04-04,7,0.5833333333333334,Round-Robin,1
2019-04-04,8,0.6666666666666666,Round-Robin,1
2019-04-04,9,0.75,Round-Robin,1
2019-04-04,10,0.8333333333333334,Round-Robin,1
2019-04-04,11,0.9166666666666666,Round-Robin,1
2019-04-04,12,1.0,Round-Robin,1
2019-04-04,13,1.0833333333333333,Round-Robin,1
2019-04-04,14,1.1666666666666667,Round-Robin,1
2019-04-04,15,1.25,Round-Robin,0
2019-04-04,16,1.3333333333333333,Round-Robin,0
2019-04-04,17,1.4166666666666667,Round-Robin,0
2019-04-04,18,1.5,Round-Robin,0
2019-04-04,19,1.5833333333333333,Round-Robin,0
2019-04-04,20,1.6666666666666667,Round-Robin,0
2019-04-04,21,1.75,Round-Robin,0
2019-04-04,22,1.8333333333333333,Round-Robin,1
2019-04-04,23,1.9166666666666667,Round-Robin,1
2019-04-04,24,2.0,Round-Robin,1
2019-04-04,25,2.0833333333333335,Round-Robin,1
2019-04-04,26,2.1666666666666665,Round-Robin,1
2019-04-04,27,2.25,Round-Robin,1
2019-04-04,28,2.3333333333333335,Round-Robin,1
2019-04-04,29,2.4166666666666665,Round-Robin,1
2019-04-04,30,2.5,Uncontrolled,1
2019-04-04,31,2.5833333333333335,Round-Robin,1
2019-04-04,32,2.6666666666666665,Uncontrolled,1
2019-04-04,33,2.75,Uncontrolled,0
2019-04-04,34,2.8333333333333335,Uncontrolled,0
2019-04-04,35,2.9166666666666665,Uncontrolled,0
2019-04-04,36,3.0,Uncontrolled,0
2019-04-04,37,3.0833333333333335,Uncontrolled,0
2019-04-04,38,3.1666666666666665,Uncontrolled,0
2019-04-04,39,3.25,Uncontrolled,0
2019-04-04,40,3.3333333333333335,Uncontrolled,0
2019-04-04,41,3.4166666666666665,Uncontrolled,0
2019-04-04,42,3.5,Uncontrolled,0
2019-04-04,43,3.5833333333333335,Uncontrolled,0
2019-04-04,44,3.6666666666666665,Uncontrolled,0
2019-04-04,45,3.75,Uncontrolled,0
2019-04-04,46,3.8333333333333335,Uncontrolled,0
2019-04-04,47,3.9166666666666665,Uncontrolled,0
2019-04-04,48,4.0,Uncontrolled,0
2019-04-04,49,4.083333333333333,Uncontrolled,0
2019-04-04,50,4.166666666666667,Uncontrolled,0
2019-04-04,51,4.25,Uncontrolled,0
2019-04-04,52,4.333333333333333,Uncontrolled,0
2019-04-04,53,4.416666666666667,Uncontrolled,0
2019-04-04,54,4.5,Uncontrolled,0
2019-04-04,55,4.583333333333333,Uncontrolled,0
2019-04-04,56,4.666666666666667,Uncontrolled,0
2019-04-04,57,4.75,Uncontrolled,0
2019-04-04,58,4.833333333333333,Uncontrolled,0
2019-04-04,59,4.916666666666667,Uncontrolled,0
2019-04-04,60,5.0,Uncontrolled,0
2019-04-04,61,5.083333333333333,Uncontrolled,0
2019-04-04,62,5.166666666666667,Uncontrolled,0
2019-04-04,63,5.25,Uncontrolled,0
2019-04-04,64,5.333333333333333,Uncontrolled,0
2019-04-04,65,5.416666666666667,Uncontrolled,0
2019-04-04,66,5.5,Uncontrolled,0
2019-04-04,67,5.583333333333333,Uncontrolled,0
2019-04-04,68,5.666666666666667,Uncontrolled,0
2019-04-04,69,5.75,Uncontrolled,0
2019-04-04,70,5.833333333333333,Uncontrolled,0
2019-04-04,71,5.916666666666667,Uncontrolled,0
2019-04-04,72,6.0,Uncontrolled,0
2019-04-04,73,6.083333333333333,Uncontrolled,0
2019-04-04,74,6.166666666666667,Round-Robin,0
2019-04-04,75,6.25,Round-Robin,0
2019-04-04,76,6.333333333333333,Round-Robin,0
2019-04-04,77,6.416666666666667,Round-Robin,0
2019-04-04,78,6.5,Round-Robin,0
2019-04-04,79,6.583333333333333,Round-Robin,0
2019-04-04,80,6.666666666666667,Round-Robin,0
2019-04-04,81,6.75,Round-Robin,0
2019-04-04,82,6.833333333333333,Round-Robin,0
2019-04-04,83,6.916666666666667,Round-Robin,0
2019-04-04,84,7.0,Round-Robin,0
2019-04-04,85,7.083333333333333,Round-Robin,0
2019-04-04,86,7.166666666666667,Round-Robin,0
2019-04-04,87,7.25,Round-Robin,0
2019-04-04,88,7.333333333333333,Round-Robin,0
2019-04-04,89,7.416666666666667,Round-Robin,0
2019-04-04,90,7.5,Round-Robin,0
2019-04-04,91,7.583333333333333,Round-Robin,0
2019-04-04,92,7.666666666666667,Uncontrolled,0
2019-04-04,93,7.75,Uncontrolled,0
2019-04-04,94,7.833333333333333,Uncontrolled,0
2019-04-04,95,7.916666666666667,Uncontrolled,0
2019-04-04,96,8.0,Uncontrolled,0
2019-04-04,97,8.083333333333334,Uncontrolled,0
2019-04-04,98,8.166666666666666,Uncontrolled,0
2019-04-04,99,8.25,Uncontrolled,0
2019-04-04,100,8.333333333333334,Uncontrolled,0
2019-04-04,101,8.416666666666666,Uncontrolled,0
2019-04-04,102,8.5,Uncontrolled,0
2019-04-04,103,8.583333333333334,Uncontrolled,0
2019-04-04,104,8.666666666666666,Uncontrolled,0
2019-04-04,105,8.75,Uncontrolled,0
2019-04-04,106,8.833333333333334,Uncontrolled,0
2019-04-04,107,8.916666666666666,Uncontrolled,0
2019-04-04,108,9.0,Uncontrolled,0
2019-04-04,109,9.083333333333334,Uncontrolled,0
2019-04-04,110,9.166666666666666,Uncontrolled,0
2019-04-04,111,9.25,Uncontrolled,0
2019-04-04,112,9.333333333333334,Uncontrolled,0
2019-04-04,113,9.416666666666666,Uncontrolled,0
2019-04-04,114,9.5,Uncontrolled,0
2019-04-04,115,9.583333333333334,Uncontrolled,0
2019-04-04,116,9.666666666666666,Uncontrolled,0
2019-04-04,117,9.75,Uncontrolled,0
2019-04-04,118,9.833333333333334,Uncontrolled,0
2019-04-04,119,9.916666666666666,Uncontrolled,0
2019-04-04,120,10.0,Uncontrolled,0
2019-04-04,121,10.083333333333334,Uncontrolled,0
2019-04-04,122,10.166666666666666,Uncontrolled,0
2019-04-04,123,10.25,Uncontrolled,0
2019-04-04,124,10.333333333333334,Uncontrolled,0
2019-04-04,125,10.416666666666666,Uncontrolled,0
2019-04-04,126,10.5,Uncontrolled,0
2019-04-04,127,10.583333333333334,Uncontrolled,0
2019-04-04,128,10.666666666666666,Uncontrolled,0
2019-04-04,129,10.75,Uncontrolled,0
2019-04-04,130,10.833333333333334,Uncontrolled,0
2019-04-04,131,10.916666666666666,Uncontrolled,0
2019-04-04,132,11.0,Uncontrolled,0
2019-04-04,133,11.083333333333334,Uncontrolled,0
2019-04-04,134,11.166666666666666,Uncontrolled,0
2019-04-04,135,11.25,Uncontrolled,0
2019-04-04,136,11.333333333333334,Uncontrolled,0
2019-04-04,137,11.416666666666666,Uncontrolled,0
2019-04-04,138,11.5,Uncontrolled,0
2019-04-04,139,11.583333333333334,Uncontrolled,0
2019-04-04,140,11.666666666666666,Uncontrolled,0
2019-04-04,141,11.75,Uncontrolled,0
2019-04-04,142,11.833333333333334,Uncontrolled,0
2019-04-04,143,11.916666666666666,Uncontrolled,0
2019-04-04,144,12.0,Uncontrolled,0
2019-04-04,145,12.083333333333334,Uncontrolled,0
2019-04-04,146,12.166666666666666,Uncontrolled,0
2019-04-04,147,12.25,Uncontrolled,0
2019-04-04,148,12.333333333333334,Uncontrolled,0
2019-04-04,149,12.416666666666666,Uncontrolled,0
2019-04-04,150,12.5,Uncontrolled,1
2019-04-04,151,12.583333333333334,Conservative,3
2019-04-04,152,12.666666666666666,Conservative,4
2019-04-04,153,12.75,Conservative,4
2019-04-04,154,12.833333333333334,Conservative,5
2019-04-04,155,12.916666666666666,Conservative,6
2019-04-04,156,13.0,Conservative,6
2019-04-04,157,13.083333333333334,Conservative,10
2019-04-04,158,13.166666666666666,Conservative,10
2019-04-04,159,13.25,Conservative,11
2019-04-04,160,13.333333333333334,Conservative,12
2019-04-04,161,13.416666666666666,Conservative,12
2019-04-04,162,13.5,Conservative,15
2019-04-04,163,13.583333333333334,Conservative,17
2019-04-04,164,13.666666666666666,Conservative,19
2019-04-04,165,13.75,Conservative,21
2019-04-04,166,13.833333333333334,Conservative,23
2019-04-04,167,13.916666666666666,Conservative,26
2019-04-04,168,14.0,Conservative,29
2019-04-04,169,14.083333333333334,Conservative,29
2019-04-04,170,14.166666666666666,Conservative,31
2019-04-04,171,14.25,Conservative,34
2019-04-04,172,14.333333333333334,Conservative,35
2019-04-04,173,14.416666666666666,Conservative,38
2019-04-04,174,14.5,Conservative,40
2019-04-04,175,14.583333333333334,Conservative,41
2019-04-04,176,14.666666666666666,Conservative,43
2019-04-04,177,14.75,Conservative,46
2019-04-04,178,14.833333333333334,Uncontrolled,45
2019-04-04,179,14.916666666666666,Conservative,45
2019-04-04,180,15.0,Conservative,46
2019-04-04,181,15.083333333333334,Conservative,47
2019-04-04,182,15.166666666666666,Conservative,46
2019-04-04,183,15.25,Conservative,45
2019-04-04,184,15.333333333333334,Conservative,43
2019-04-04,185,15.416666666666666,Conservative,41
2019-04-04,186,15.5,Conservative,41
2019-04-04,187,15.583333333333334,Conservative,39
2019-04-04,188,15.666666666666666,Conservative,38
2019-04-04,189,15.75,Uncontrolled,35
2019-04-04,190,15.833333333333334,Uncontrolled,35
2019-04-04,191,15.916666666666666,Uncontrolled,34
2019-04-04,192,16.0,Uncontrolled,33
2019-04-04,193,16.083333333333332,Uncontrolled,33
2019-04-04,194,16.166666666666668,Uncontrolled,32
2019-04-04,195,16.25,Uncontrolled,28
2019-04-04,196,16.333333333333332,Uncontrolled,28
2019-04-04,197,16.416666666666668,Uncontrolled,28
2019-04-04,198,16.5,Uncontrolled,27
2019-04-04,199,16.583333333333332,Uncontrolled,26
2019-04-04,200,16.666666666666668,Uncontrolled,25
2019-04-04,201,16.75,Uncontrolled,25
2019-04-04,202,16.833333333333332,Uncontrolled,24
2019-04-04,203,16.916666666666668,Uncontrolled,23
2019-04-04,204,17.0,Uncontrolled,23
2019-04-04,205,17.083333333333332,Uncontrolled,20
2019-04-04,206,17.166666666666668,Uncontrolled,20
2019-04-04,207,17.25,Uncontrolled,18
2019-04-04,208,17.333333333333332,Uncontrolled,17
2019-04-04,209,17.416666666666668,Uncontrolled,17
2019-04-04,210,17.5,Uncontrolled,17
2019-04-04,211,17.583333333333332,Round-Robin,17
2019-04-04,212,17.666666666666668,Round-Robin,17
2019-04-04,213,17.75,Round-Robin,16
2019-04-04,214,17.833333333333332,Round-Robin,16
2019-04-04,215,17.916666666666668,Round-Robin,15
2019-04-04,216,18.0,Round-Robin,15
2019-04-04,217,18.083333333333332,Round-Robin,15
2019-04-04,218,18.166666666666668,Round-Robin,14
2019-04-04,219,18.25,Round-Robin,13
2019-04-04,220,18.333333333333332,Round-Robin,11
2019-04-04,221,18.416666666666668,Round-Robin,10
2019-04-04,222,18.5,Round-Robin,11
2019-04-04,223,18.583333333333332,Round-Robin,10
2019-04-04,224,18.666666666666668,Round-Robin,11
2019-04-04,225,18.75,Round-Robin,11
2019-04-04,226,18.833333333333332,Round-Robin,10
2019-04-04,227,18.916666666666668,Round-Robin,12
2019-04-04,228,19.0,Round-Robin,12
2019-04-04,229,19.083333333333332,Round-Robin,12
2019-04-04,230,19.166666666666668,Round-Robin,12
2019-04-04,231,19.25,Round-Robin,13
2019-04-04,232,19.333333333333332,Round-Robin,12
2019-04-04,233,19.416666666666668,Round-Robin,12
2019-04-04,234,19.5,Round-Robin,12
2019-04-04,235,19.583333333333332,Round-Robin,11
2019-04-04,236,19.666666666666668,Round-Robin,11
2019-04-04,237,19.75,Round-Robin,11
2019-04-04,238,19.833333333333332,Round-Robin,11
2019-04-04,239,19.916666666666668,Round-Robin,11
2019-04-04,240,20.0,Round-Robin,11
2019-04-04,241,20.083333333333332,Round-Robin,11
2019-04-04,242,20.166666666666668,Round-Robin,9
2019-04-04,243,20.25,Round-Robin,8
2019-04-04,244,20.333333333333332,Round-Robin,8
2019-04-04,245,20.416666666666668,Round-Robin,8
2019-04-04,246,20.5,Round-Robin,8
2019-04-04,247,20.583333333333332,Round-Robin,7
2019-04-04,248,20.666666666666668,Round-Robin,8
2019-04-04,249,20.75,Round-Robin,8
2019-04-04,250,20.833333333333332,Round-Robin,8
2019-04-04,251,20.916666666666668,Round-Robin,8
2019-04-04,252,21.0,Round-Robin,7
2019-04-04,253,21.083333333333332,Round-Robin,7
2019-04-04,254,21.166666666666668,Round-Robin,6
2019-04-04,255,21.25,Round-Robin,6
2019-04-04,256,21.333333333333332,Round-Robin,6
2019-04-04,257,21.416666666666668,Round-Robin,7
2019-04-04,258,21.5,Round-Robin,7
2019-04-04,259,21.583333333333332,Round-Robin,7
2019-04-04,260,21.666666666666668,Round-Robin,7
2019-04-04,261,21.75,Round-Robin,6
2019-04-04,262,21.833333333333332,Round-Robin,6
2019-04-04,263,21.916666666666668,Round-Robin,6
2019-04-04,264,22.0,Round-Robin,5
2019-04-04,265,22.083333333333332,Round-Robin,4
2019-04-04,266,22.166666666666668,Round-Robin,3
2019-04-04,267,22.25,Uncontrolled,2
2019-04-04,268,22.333333333333332,Conservative,2
2019-04-04,269,22.416666666666668,Conservative,2
2019-04-04,270,22.5,Conservative,2
2019-04-04,271,22.583333333333332,Conservative,2
2019-04-04,272,22.666666666666668,Conservative,2
2019-04-04,273,22.75,Uncontrolled,3
2019-04-04,274,22.833333333333332,Round-Robin,3
2019-04-04,275,22.916666666666668,Round-Robin,3
2019-04-04,276,23.0,Conservative,3
2019-04-04,277,23.083333333333332,Conservative,3
2019-04-04,278,23.166666666666668,Conservative,3
2019-04-04,279,23.25,Conservative,3
2019-04-04,280,23.333333333333332,Conservative,3
2019-04-04,281,23.416666666666668,Conservative,3
2019-04-04,282,23.5,Conservative,3
2019-04-04,283,23.583333333333332,Conservative,4
2019-04-04,284,23.666666666666668,Uncontrolled,4
2019-04-04,285,23.75,Uncontrolled,4
2019-04-04,286,23.833333333333332,Uncontrolled,4
2019-04-04,287,23.916666666666668,Uncontrolled,4
2019-04-05,0,0.0,Round-Robin,1
2019-04-05,1,0.08333333333333333,Round-Robin,1
2019-04-05,2,0.16666666666666666,Round-Robin,1
2019-04-05,3,0.25,Round-Robin,1
2019-04-05,4,0.3333333333333333,Round-Robin,1
2019-04-05,5,0.4166666666666667,Round-Robin,1
2019-04-05,6,0.5,Round-Robin,1
2019-04-05,7,0.5833333333333334,Round-Robin,1
2019-04-05,8,0.6666666666666666,Round-Robin,1
2019-04-05,9,0.75,Round-Robin,1
2019-04-05,10,0.8333333333333334,Round-Robin,1
2019-04-05,11,0.9166666666666666,Round-Robin,0
2019-04-05,12,1.0,Round-Robin,0
2019-04-05,13,1.0833333333333333,Round-Robin,0
2019-04-05,14,1.1666666666666667,Round-Robin,0
2019-04-05,15,1.25,Round-Robin,0
2019-04-05,16,1.3333333333333333,Round-Robin,0
2019-04-05,17,1.4166666666666667,Round-Robin,0
2019-04-05,18,1.5,Round-Robin,0
2019-04-05,19,1.5833333333333333,Round-Robin,0
2019-04-05,20,1.6666666666666667,Round-Robin,0
2019-04-05,21,1.75,Round-Robin,0
2019-04-05,22,1.8333333333333333,Round-Robin,0
2019-04-05,23,1.9166666666666667,Round-Robin,0
2019-04-05,24,2.0,Round-Robin,1
2019-04-05,25,2.0833333333333335,Round-Robin,1
2019-04-05,26,2.1666666666666665,Round-Robin,1
2019-04-05,27,2.25,Round-Robin,1
2019-04-05,28,2.3333333333333335,Round-Robin,1
2019-04-05,29,2.4166666666666665,Round-Robin,1
2019-04-05,30,2.5,Round-Robin,1
2019-04-05,31,2.5833333333333335,Round-Robin,1
2019-04-05,32,2.6666666666666665,Round-Robin,1
2019-04-05,33,2.75,Round-Robin,1
2019-04-05,34,2.8333333333333335,Round-Robin,1
2019-04-05,35,2.9166666666666665,Round-Robin,1
2019-04-05,36,3.0,Round-Robin,1
2019-04-05,37,3.0833333333333335,Round-Robin,1
2019-04-05,38,3.1666666666666665,Round-Robin,1
2019-04-05,39,3.25,Round-Robin,1
2019-04-05,40,3.3333333333333335,Round-Robin,1
2019-04-05,41,3.4166666666666665,Round-Robin,1
2019-04-05,42,3.5,Round-Robin,1
2019-04-05,43,3.5833333333333335,Round-Robin,1
2019-04-05,44,3.6666666666666665,Round-Robin,0
2019-04-05,45,3.75,Round-Robin,0
2019-04-05,46,3.8333333333333335,Round-Robin,0
2019-04-05,47,3.9166666666666665,Round-Robin,0
2019-04-05,48,4.0,Round-Robin,0
2019-04-05,49,4.083333333333333,Round-Robin,0
2019-04-05,50,4.166666666666667,Round-Robin,0
2019-04-05,51,4.25,Round-Robin,0
2019-04-05,52,4.333333333333333,Round-Robin,0
2019-04-05,53,4.416666666666667,Round-Robin,0
2019-04-05,54,4.5,Round-Robin,0
2019-04-05,55,4.583333333333333,Round-Robin,0
2019-04-05,56,4.666666666666667,Round-Robin,0
2019-04-05,57,4.75,Round-Robin,0
2019-04-05,58,4.833333333333333,Round-Robin,0
2019-04-05,59,4.916666666666667,Round-Robin,0
2019-04-05,60,5.0,Round-Robin,0
2019-04-05,61,5.083333333333333,Round-Robin,0
2019-04-05,62,5.166666666666667,Round-Robin,0
2019-04-05,63,5.25,Round-Robin,0
2019-04-05,64,5.333333333333333,Round-Robin,0
2019-04-05,65,5.416666666666667,Uncontrolled,0
2019-04-05,66,5.5,Uncontrolled,0
2019-04-05,67,5.583333333333333,Uncontrolled,0
2019-04-05,68,5.666666666666667,Uncontrolled,0
2019-04-05,69,5.75,Uncontrolled,0
2019-04-05,70,5.833333333333333,Uncontrolled,0
2019-04-05,71,5.916666666666667,Uncontrolled,0
2019-04-05,72,6.0,Uncontrolled,0
2019-04-05,73,6.083333333333333,Uncontrolled,0
2019-04-05,74,6.166666666666667,Round-Robin,0
2019-04-05,75,6.25,Round-Robin,0
2019-04-05,76,6.333333333333333,Round-Robin,0
2019-04-05,77,6.416666666666667,Round-Robin,0
2019-04-05,78,6.5,Round-Robin,0
2019-04-05,79,6.583333333333333,Round-Robin,0
2019-04-05,80,6.666666666666667,Round-Robin,0
2019-04-05,81,6.75,Round-Robin,0
2019-04-05,82,6.833333333333333,Round-Robin,0
2019-04-05,83,6.916666666666667,Round-Robin,0
2019-04-05,84,7.0,Round-Robin,0
2019-04-05,85,7.083333333333333,Round-Robin,0
2019-04-05,86,7.166666666666667,Round-Robin,0
2019-04-05,87,7.25,Round-Robin,0
2019-04-05,88,7.333333333333333,Round-Robin,0
2019-04-05,89,7.416666666666667,Round-Robin,0
2019-04-05,90,7.5,Round-Robin,0
2019-04-05,91,7.583333333333333,Round-Robin,0
2019-04-05,92,7.666666666666667,Uncontrolled,0
2019-04-05,93,7.75,Uncontrolled,0
2019-04-05,94,7.833333333333333,Uncontrolled,0
2019-04-05,95,7.916666666666667,Uncontrolled,0
2019-04-05,96,8.0,Uncontrolled,0
2019-04-05,97,8.083333333333334,Uncontrolled,0
2019-04-05,98,8.166666666666666,Uncontrolled,0
2019-04-05,99,8.25,Uncontrolled,0
2019-04-05,100,8.333333333333334,Uncontrolled,0
2019-04-05,101,8.416666666666666,Uncontrolled,0
2019-04-05,102,8.5,Uncontrolled,0
2019-04-05,103,8.583333333333334,Uncontrolled,0
2019-04-05,104,8.666666666666666,Uncontrolled,0
2019-04-05,105,8.75,Uncontrolled,0
2019-04-05,106,8.833333333333334,Uncontrolled,0
2019-04-05,107,8.916666666666666,Uncontrolled,0
2019-04-05,108,9.0,Uncontrolled,0
2019-04-05,109,9.083333333333334,Uncontrolled,0
2019-04-05,110,9.166666666666666,Uncontrolled,0
2019-04-05,111,9.25,Uncontrolled,0
2019-04-05,112,9.333333333333334,Uncontrolled,0
2019-04-05,113,9.416666666666666,Uncontrolled,0
2019-04-05,114,9.5,Uncontrolled,0
2019-04-05,115,9.583333333333334,Uncontrolled,0
2019-04-05,116,9.666666666666666,Uncontrolled,0
2019-04-05,117,9.75,Uncontrolled,0
2019-04-05,118,9.833333333333334,Uncontrolled,0
2019-04-05,119,9.916666666666666,Uncontrolled,0
2019-04-05,120,10.0,Uncontrolled,0
2019-04-05,121,10.083333333333334,Uncontrolled,0
2019-04-05,122,10.166666666666666,Uncontrolled,0
2019-04-05,123,10.25,Uncontrolled,0
2019-04-05,124,10.333333333333334,Uncontrolled,0
2019-04-05,125,10.416666666666666,Uncontrolled,0
2019-04-05,126,10.5,Uncontrolled,0
2019-04-05,127,10.583333333333334,Uncontrolled,0
2019-04-05,128,10.666666666666666,Uncontrolled,0
2019-04-05,129,10.75,Uncontrolled,0
2019-04-05,130,10.833333333333334,Uncontrolled,0
2019-04-05,131,10.916666666666666,Uncontrolled,0
2019-04-05,132,11.0,Uncontrolled,0
2019-04-05,133,11.083333333333334,Uncontrolled,0
2019-04-05,134,11.166666666666666,Uncontrolled,0
2019-04-05,135,11.25,Uncontrolled,0
2019-04-05,136,11.333333333333334,Uncontrolled,0
2019-04-05,137,11.416666666666666,Uncontrolled,0
2019-04-05,138,11.5,Uncontrolled,0
2019-04-05,139,11.583333333333334,Uncontrolled,0
2019-04-05,140,11.666666666666666,Uncontrolled,0
2019-04-05,141,11.75,Uncontrolled,0
2019-04-05,142,11.833333333333334,Uncontrolled,0
2019-04-05,143,11.916666666666666,Uncontrolled,0
2019-04-05,144,12.0,Uncontrolled,1
2019-04-05,145,12.083333333333334,Conservative,1
2019-04-05,146,12.166666666666666,Conservative,1
2019-04-05,147,12.25,Conservative,1
2019-04-05,148,12.333333333333334,Conservative,1
2019-04-05,149,12.416666666666666,Conservative,1
2019-04-05,150,12.5,Conservative,1
2019-04-05,151,12.583333333333334,Conservative,3
2019-04-05,152,12.666666666666666,Conservative,3
2019-04-05,153,12.75,Conservative,4
2019-04-05,154,12.833333333333334,Conservative,4
2019-04-05,155,12.916666666666666,Conservative,5
2019-04-05,156,13.0,Conservative,5
2019-04-05,157,13.083333333333334,Conservative,9
2019-04-05,158,13.166666666666666,Conservative,9
2019-04-05,159,13.25,Conservative,10
2019-04-05,160,13.333333333333334,Conservative,11
2019-04-05,161,13.416666666666666,Conservative,14
2019-04-05,162,13.5,Conservative,14
2019-04-05,163,13.583333333333334,Conservative,17
2019-04-05,164,13.666666666666666,Conservative,18
2019-04-05,165,13.75,Conservative,20
2019-04-05,166,13.833333333333334,Conservative,22
2019-04-05,167,13.916666666666666,Conservative,24
2019-04-05,168,14.0,Conservative,29
2019-04-05,169,14.083333333333334,Conservative,33
2019-04-05,170,14.166666666666666,Conservative,34
2019-04-05,171,14.25,Conservative,35
2019-04-05,172,14.333333333333334,Conservative,42
2019-04-05,173,14.416666666666666,Conservative,44
2019-04-05,174,14.5,Conservative,43
2019-04-05,175,14.583333333333334,Conservative,46
2019-04-05,176,14.666666666666666,Conservative,45
2019-04-05,177,14.75,Conservative,47
2019-04-05,178,14.833333333333334,Conservative,47
2019-04-05,179,14.916666666666666,Conservative,46
2019-04-05,180,15.0,Conservative,45
2019-04-05,181,15.083333333333334,Conservative,45
2019-04-05,182,15.166666666666666,Conservative,45
2019-04-05,183,15.25,Conservative,45
2019-04-05,184,15.333333333333334,Conservative,44
2019-04-05,185,15.416666666666666,Conservative,44
2019-04-05,186,15.5,Conservative,43
2019-04-05,187,15.583333333333334,Conservative,42
2019-04-05,188,15.666666666666666,Conservative,42
2019-04-05,189,15.75,Conservative,40
2019-04-05,190,15.833333333333334,Conservative,39
2019-04-05,191,15.916666666666666,Conservative,38
2019-04-05,192,16.0,Conservative,37
2019-04-05,193,16.083333333333332,Conservative,36
2019-04-05,194,16.166666666666668,Conservative,36
2019-04-05,195,16.25,Uncontrolled,35
2019-04-05,196,16.333333333333332,Uncontrolled,33
2019-04-05,197,16.416666666666668,Uncontrolled,33
2019-04-05,198,16.5,Uncontrolled,29
2019-04-05,199,16.583333333333332,Uncontrolled,26
2019-04-05,200,16.666666666666668,Uncontrolled,26
2019-04-05,201,16.75,Uncontrolled,25
2019-04-05,202,16.833333333333332,Uncontrolled,24
2019-04-05,203,16.916666666666668,Uncontrolled,23
2019-04-05,204,17.0,Uncontrolled,23
2019-04-05,205,17.083333333333332,Uncontrolled,22
2019-04-05,206,17.166666666666668,Uncontrolled,21
2019-04-05,207,17.25,Round-Robin,18
2019-04-05,208,17.333333333333332,Round-Robin,18
2019-04-05,209,17.416666666666668,Round-Robin,18
2019-04-05,210,17.5,Round-Robin,18
2019-04-05,211,17.583333333333332,Round-Robin,17
2019-04-05,212,17.666666666666668,Round-Robin,17
2019-04-05,213,17.75,Round-Robin,16
2019-04-05,214,17.833333333333332,Round-Robin,14
2019-04-05,215,17.916666666666668,Round-Robin,13
2019-04-05,216,18.0,Round-Robin,14
2019-04-05,217,18.083333333333332,Round-Robin,12
2019-04-05,218,18.166666666666668,Round-Robin,12
2019-04-05,219,18.25,Round-Robin,11
2019-04-05,220,18.333333333333332,Round-Robin,12
2019-04-05,221,18.416666666666668,Round-Robin,12
2019-04-05,222,18.5,Round-Robin,10
2019-04-05,223,18.583333333333332,Round-Robin,11
2019-04-05,224,18.666666666666668,Round-Robin,10
2019-04-05,225,18.75,Round-Robin,9
2019-04-05,226,18.833333333333332,Round-Robin,9
2019-04-05,227,18.916666666666668,Round-Robin,9
2019-04-05,228,19.0,Round-Robin,9
2019-04-05,229,19.083333333333332,Round-Robin,9
2019-04-05,230,19.166666666666668,Round-Robin,8
2019-04-05,231,19.25,Round-Robin,8
2019-04-05,232,19.333333333333332,Round-Robin,7
2019-04-05,233,19.416666666666668,Round-Robin,7
2019-04-05,234,19.5,Round-Robin,7
2019-04-05,235,19.583333333333332,Round-Robin,7
2019-04-05,236,19.666666666666668,Round-Robin,7
2019-04-05,237,19.75,Round-Robin,9
2019-04-05,238,19.833333333333332,Round-Robin,9
2019-04-05,239,19.916666666666668,Round-Robin,10
2019-04-05,240,20.0,Round-Robin,10
2019-04-05,241,20.083333333333332,Round-Robin,11
2019-04-05,242,20.166666666666668,Round-Robin,9
2019-04-05,243,20.25,Round-Robin,9
2019-04-05,244,20.333333333333332,Round-Robin,10
2019-04-05,245,20.416666666666668,Round-Robin,11
2019-04-05,246,20.5,Round-Robin,10
2019-04-05,247,20.583333333333332,Round-Robin,8
2019-04-05,248,20.666666666666668,Round-Robin,8
2019-04-05,249,20.75,Round-Robin,8
2019-04-05,250,20.833333333333332,Round-Robin,7
2019-04-05,251,20.916666666666668,Round-Robin,8
2019-04-05,252,21.0,Round-Robin,8
2019-04-05,253,21.083333333333332,Round-Robin,8
2019-04-05,254,21.166666666666668,Round-Robin,8
2019-04-05,255,21.25,Round-Robin,8
2019-04-05,256,21.333333333333332,Round-Robin,8
2019-04-05,257,21.416666666666668,Round-Robin,8
2019-04-05,258,21.5,Round-Robin,8
2019-04-05,259,21.583333333333332,Round-Robin,9
2019-04-05,260,21.666666666666668,Round-Robin,8
2019-04-05,261,21.75,Round-Robin,8
2019-04-05,262,21.833333333333332,Round-Robin,8
2019-04-05,263,21.916666666666668,Round-Robin,8
2019-04-05,264,22.0,Round-Robin,9
2019-04-05,265,22.083333333333332,Round-Robin,9
2019-04-05,266,22.166666666666668,Round-Robin,8
2019-04-05,267,22.25,Round-Robin,9
2019-04-05,268,22.333333333333332,Round-Robin,9
2019-04-05,269,22.416666666666668,Round-Robin,8
2019-04-05,270,22.5,Round-Robin,7
2019-04-05,271,22.583333333333332,Round-Robin,5
2019-04-05,272,22.666666666666668,Uncontrolled,5
2019-04-05,273,22.75,Uncontrolled,4
2019-04-05,274,22.833333333333332,Uncontrolled,4
2019-04-05,275,22.916666666666668,Uncontrolled,4
2019-04-05,276,23.0,Uncontrolled,4
2019-04-05,277,23.083333333333332,Uncontrolled,4
2019-04-05,278,23.166666666666668,Uncontrolled,4
2019-04-05,279,23.25,Uncontrolled,3
2019-04-05,280,23.333333333333332,Uncontrolled,3
2019-04-05,281,23.416666666666668,Uncontrolled,3
2019-04-05,282,23.5,Uncontrolled,3
2019-04-05,283,23.583333333333332,Uncontrolled,3
2019-04-05,284,23.666666666666668,Uncontrolled,3
2019-04-05,285,23.75,Uncontrolled,3
2019-04-05,286,23.833333333333332,Uncontrolled,3
2019-04-05,287,23.916666666666668,Uncontrolled,2
2019-04-06,0,0.0,Round-Robin,0
2019-04-06,1,0.08333333333333333,Round-Robin,0
2019-04-06,2,0.16666666666666666,Round-Robin,0
2019-04-06,3,0.25,Round-Robin,0
2019-04-06,4,0.3333333333333333,Round-Robin,0
2019-04-06,5,0.4166666666666667,Round-Robin,0
2019-04-06,6,0.5,Round-Robin,0
2019-04-06,7,0.5833333333333334,Round-Robin,0
2019-04-06,8,0.6666666666666666,Round-Robin,0
2019-04-06,9,0.75,Round-Robin,0
2019-04-06,10,0.8333333333333334,Round-Robin,0
2019-04-06,11,0.9166666666666666,Round-Robin,0
2019-04-06,12,1.0,Round-Robin,0
2019-04-06,13,1.0833333333333333,Round-Robin,0
2019-04-06,14,1.1666666666666667,Round-Robin,0
2019-04-06,15,1.25,Round-Robin,0
2019-04-06,16,1.3333333333333333,Round-Robin,0
2019-04-06,17,1.4166666666666667,Round-Robin,0
2019-04-06,18,1.5,Round-Robin,0
2019-04-06,19,1.5833333333333333,Round-Robin,0
2019-04-06,20,1.6666666666666667,Round-Robin,0
2019-04-06,21,1.75,Round-Robin,0
2019-04-06,22,1.8333333333333333,Round-Robin,0
2019-04-06,23,1.9166666666666667,Round-Robin,0
2019-04-06,24,2.0,Round-Robin,0
2019-04-06,25,2.0833333333333335,Round-Robin,0
2019-04-06,26,2.1666666666666665,Round-Robin,0
2019-04-06,27,2.25,Round-Robin,0
2019-04-06,28,2.3333333333333335,Uncontrolled,0
2019-04-06,29,2.4166666666666665,Uncontrolled,0
2019-04-06,30,2.5,Uncontrolled,0
2019-04-06,31,2.5833333333333335,Uncontrolled,0
2019-04-06,32,2.6666666666666665,Uncontrolled,0
2019-04-06,33,2.75,Uncontrolled,0
2019-04-06,34,2.8333333333333335,Uncontrolled,0
2019-04-06,35,2.9166666666666665,Uncontrolled,0
2019-04-06,36,3.0,Uncontrolled,0
2019-04-06,37,3.0833333333333335,Uncontrolled,0
2019-04-06,38,3.1666666666666665,Uncontrolled,0
2019-04-06,39,3.25,Uncontrolled,0
2019-04-06,40,3.3333333333333335,Uncontrolled,0
2019-04-06,41,3.4166666666666665,Uncontrolled,0
2019-04-06,42,3.5,Uncontrolled,0
2019-04-06,43,3.5833333333333335,Uncontrolled,0
2019-04-06,44,3.6666666666666665,Uncontrolled,0
2019-04-06,45,3.75,Uncontrolled,0
2019-04-06,46,3.8333333333333335,Uncontrolled,0
2019-04-06,47,3.9166666666666665,Uncontrolled,0
2019-04-06,48,4.0,Uncontrolled,0
2019-04-06,49,4.083333333333333,Uncontrolled,0
2019-04-06,50,4.166666666666667,Uncontrolled,0
2019-04-06,51,4.25,Uncontrolled,0
2019-04-06,52,4.333333333333333,Uncontrolled,0
2019-04-06,53,4.416666666666667,Uncontrolled,0
2019-04-06,54,4.5,Uncontrolled,0
2019-04-06,55,4.583333333333333,Uncontrolled,0
2019-04-06,56,4.666666666666667,Uncontrolled,0
2019-04-06,57,4.75,Uncontrolled,0
2019-04-06,58,4.833333333333333,Uncontrolled,0
2019-04-06,59,4.916666666666667,Uncontrolled,0
2019-04-06,60,5.0,Uncontrolled,0
2019-04-06,61,5.083333333333333,Uncontrolled,0
2019-04-06,62,5.166666666666667,Uncontrolled,0
2019-04-06,63,5.25,Uncontrolled,0
2019-04-06,64,5.333333333333333,Uncontrolled,0
2019-04-06,65,5.416666666666667,Uncontrolled,0
2019-04-06,66,5.5,Uncontrolled,0
2019-04-06,67,5.583333333333333,Uncontrolled,0
2019-04-06,68,5.666666666666667,Uncontrolled,0
2019-04-06,69,5.75,Uncontrolled,0
2019-04-06,70,5.833333333333333,Uncontrolled,0
2019-04-06,71,5.916666666666667,Uncontrolled,0
2019-04-06,72,6.0,Uncontrolled,0
2019-04-06,73,6.083333333333333,Uncontrolled,0
2019-04-06,74,6.166666666666667,Round-Robin,0
2019-04-06,75,6.25,Round-Robin,0
2019-04-06,76,6.333333333333333,Round-Robin,0
2019-04-06,77,6.416666666666667,Round-Robin,0
2019-04-06,78,6.5,Round-Robin,0
2019-04-06,79,6.583333333333333,Round-Robin,0
2019-04-06,80,6.666666666666667,Round-Robin,0
2019-04-06,81,6.75,Round-Robin,0
2019-04-06,82,6.833333333333333,Round-Robin,0
2019-04-06,83,6.916666666666667,Round-Robin,0
2019-04-06,84,7.0,Round-Robin,0
2019-04-06,85,7.083333333333333,Round-Robin,0
2019-04-06,86,7.166666666666667,Round-Robin,0
2019-04-06,87,7.25,Round-Robin,0
2019-04-06,88,7.333333333333333,Round-Robin,0
2019-04-06,89,7.416666666666667,Round-Robin,0
2019-04-06,90,7.5,Round-Robin,0
2019-04-06,91,7.583333333333333,Round-Robin,0
2019-04-06,92,7.666666666666667,Uncontrolled,0
2019-04-06,93,7.75,Uncontrolled,0
2019-04-06,94,7.833333333333333,Uncontrolled,0
2019-04-06,95,7.916666666666667,Uncontrolled,0
2019-04-06,96,8.0,Uncontrolled,0
2019-04-06,97,8.083333333333334,Uncontrolled,0
2019-04-06,98,8.166666666666666,Uncontrolled,0
2019-04-06,99,8.25,Uncontrolled,0
2019-04-06,100,8.333333333333334,Uncontrolled,0
2019-04-06,101,8.416666666666666,Uncontrolled,0
2019-04-06,102,8.5,Uncontrolled,0
2019-04-06,103,8.583333333333334,Uncontrolled,0
2019-04-06,104,8.666666666666666,Uncontrolled,0
2019-04-06,105,8.75,Uncontrolled,0
2019-04-06,106,8.833333333333334,Uncontrolled,0
2019-04-06,107,8.916666666666666,Uncontrolled,0
2019-04-06,108,9.0,Uncontrolled,0
2019-04-06,109,9.083333333333334,Uncontrolled,0
2019-04-06,110,9.166666666666666,Uncontrolled,0
2019-04-06,111,9.25,Uncontrolled,0
2019-04-06,112,9.333333333333334,Uncontrolled,0
2019-04-06,113,9.416666666666666,Uncontrolled,0
2019-04-06,114,9.5,Uncontrolled,0
2019-04-06,115,9.583333333333334,Uncontrolled,0
2019-04-06,116,9.666666666666666,Uncontrolled,0
2019-04-06,117,9.75,Uncontrolled,0
2019-04-06,118,9.833333333333334,Uncontrolled,0
2019-04-06,119,9.916666666666666,Uncontrolled,0
2019-04-06,120,10.0,Uncontrolled,0
2019-04-06,121,10.083333333333334,Uncontrolled,0
2019-04-06,122,10.166666666666666,Uncontrolled,0
2019-04-06,123,10.25,Uncontrolled,0
2019-04-06,124,10.333333333333334,Uncontrolled,0
2019-04-06,125,10.416666666666666,Uncontrolled,0
2019-04-06,126,10.5,Uncontrolled,0
2019-04-06,127,10.583333333333334,Uncontrolled,0
2019-04-06,128,10.666666666666666,Uncontrolled,0
2019-04-06,129,10.75,Uncontrolled,0
2019-04-06,130,10.833333333333334,Uncontrolled,0
2019-04-06,131,10.916666666666666,Uncontrolled,0
2019-04-06,132,11.0,Uncontrolled,0
2019-04-06,133,11.083333333333334,Uncontrolled,0
2019-04-06,134,11.166666666666666,Uncontrolled,0
2019-04-06,135,11.25,Uncontrolled,0
2019-04-06,136,11.333333333333334,Uncontrolled,0
2019-04-06,137,11.416666666666666,Uncontrolled,0
2019-04-06,138,11.5,Uncontrolled,0
2019-04-06,139,11.583333333333334,Uncontrolled,0
2019-04-06,140,11.666666666666666,Uncontrolled,0
2019-04-06,141,11.75,Uncontrolled,0
2019-04-06,142,11.833333333333334,Uncontrolled,0
2019-04-06,143,11.916666666666666,Uncontrolled,0
2019-04-06,144,12.0,Uncontrolled,0
2019-04-06,145,12.083333333333334,Uncontrolled,0
2019-04-06,146,12.166666666666666,Uncontrolled,0
2019-04-06,147,12.25,Uncontrolled,0
2019-04-06,148,12.333333333333334,Uncontrolled,0
2019-04-06,149,12.416666666666666,Uncontrolled,0
2019-04-06,150,12.5,Uncontrolled,0
2019-04-06,151,12.583333333333334,Uncontrolled,0
2019-04-06,152,12.666666666666666,Uncontrolled,1
2019-04-06,153,12.75,Conservative,1
2019-04-06,154,12.833333333333334,Uncontrolled,1
2019-04-06,155,12.916666666666666,Uncontrolled,1
2019-04-06,156,13.0,Uncontrolled,1
2019-04-06,157,13.083333333333334,Conservative,1
2019-04-06,158,13.166666666666666,Conservative,1
2019-04-06,159,13.25,Conservative,1
2019-04-06,160,13.333333333333334,Conservative,1
2019-04-06,161,13.416666666666666,Conservative,1
2019-04-06,162,13.5,Conservative,1
2019-04-06,163,13.583333333333334,Conservative,1
2019-04-06,164,13.666666666666666,Conservative,1
2019-04-06,165,13.75,Conservative,1
2019-04-06,166,13.833333333333334,Conservative,1
2019-04-06,167,13.916666666666666,Conservative,2
2019-04-06,168,14.0,FCFS,2
2019-04-06,169,14.083333333333334,FCFS,2
2019-04-06,170,14.166666666666666,FCFS,2
2019-04-06,171,14.25,FCFS,2
2019-04-06,172,14.333333333333334,FCFS,2
2019-04-06,173,14.416666666666666,FCFS,2
2019-04-06,174,14.5,FCFS,2
2019-04-06,175,14.583333333333334,FCFS,2
2019-04-06,176,14.666666666666666,FCFS,2
2019-04-06,177,14.75,FCFS,2
2019-04-06,178,14.833333333333334,FCFS,2
2019-04-06,179,14.916666666666666,FCFS,2
2019-04-06,180,15.0,FCFS,1
2019-04-06,181,15.083333333333334,FCFS,1
2019-04-06,182,15.166666666666666,FCFS,1
2019-04-06,183,15.25,FCFS,1
2019-04-06,184,15.333333333333334,FCFS,1
2019-04-06,185,15.416666666666666,FCFS,1
2019-04-06,186,15.5,FCFS,1
2019-04-06,187,15.583333333333334,FCFS,1
2019-04-06,188,15.666666666666666,FCFS,0
2019-04-06,189,15.75,FCFS,0
2019-04-06,190,15.833333333333334,Round-Robin,0
2019-04-06,191,15.916666666666666,Round-Robin,0
2019-04-06,192,16.0,Round-Robin,0
2019-04-06,193,16.083333333333332,Round-Robin,0
2019-04-06,194,16.166666666666668,Round-Robin,0
2019-04-06,195,16.25,Round-Robin,0
2019-04-06,196,16.333333333333332,Uncontrolled,0
2019-04-06,197,16.416666666666668,Uncontrolled,0
2019-04-06,198,16.5,Uncontrolled,0
2019-04-06,199,16.583333333333332,Uncontrolled,0
2019-04-06,200,16.666666666666668,Uncontrolled,0
2019-04-06,201,16.75,Uncontrolled,0
2019-04-06,202,16.833333333333332,Uncontrolled,1
2019-04-06,203,16.916666666666668,Uncontrolled,1
2019-04-06,204,17.0,Uncontrolled,1
2019-04-06,205,17.083333333333332,Uncontrolled,1
2019-04-06,206,17.166666666666668,Uncontrolled,1
2019-04-06,207,17.25,Uncontrolled,1
2019-04-06,208,17.333333333333332,Uncontrolled,1
2019-04-06,209,17.416666666666668,Uncontrolled,1
2019-04-06,210,17.5,Uncontrolled,1
2019-04-06,211,17.583333333333332,Uncontrolled,1
2019-04-06,212,17.666666666666668,Uncontrolled,1
2019-04-06,213,17.75,Uncontrolled,1
2019-04-06,214,17.833333333333332,Uncontrolled,1
2019-04-06,215,17.916666666666668,Uncontrolled,1
2019-04-06,216,18.0,Uncontrolled,1
2019-04-06,217,18.083333333333332,Uncontrolled,1
2019-04-06,218,18.166666666666668,Uncontrolled,1
2019-04-06,219,18.25,Uncontrolled,1
2019-04-06,220,18.333333333333332,Uncontrolled,1
2019-04-06,221,18.416666666666668,Uncontrolled,1
2019-04-06,222,18.5,Uncontrolled,1
2019-04-06,223,18.583333333333332,Uncontrolled,1
2019-04-06,224,18.666666666666668,Uncontrolled,1
2019-04-06,225,18.75,Uncontrolled,1
2019-04-06,226,18.833333333333332,Uncontrolled,1
2019-04-06,227,18.916666666666668,Uncontrolled,1
2019-04-06,228,19.0,Uncontrolled,1
2019-04-06,229,19.083333333333332,Uncontrolled,2
2019-04-06,230,19.166666666666668,Uncontrolled,2
2019-04-06,231,19.25,Uncontrolled,2
2019-04-06,232,19.333333333333332,Uncontrolled,2
2019-04-06,233,19.416666666666668,Uncontrolled,2
2019-04-06,234,19.5,Uncontrolled,2
2019-04-06,235,19.583333333333332,Uncontrolled,2
2019-04-06,236,19.666666666666668,Uncontrolled,2
2019-04-06,237,19.75,Uncontrolled,2
2019-04-06,238,19.833333333333332,Uncontrolled,2
2019-04-06,239,19.916666666666668,Uncontrolled,2
2019-04-06,240,20.0,Uncontrolled,2
2019-04-06,241,20.083333333333332,Uncontrolled,2
2019-04-06,242,20.166666666666668,Uncontrolled,2
2019-04-06,243,20.25,Uncontrolled,2
2019-04-06,244,20.333333333333332,Uncontrolled,2
2019-04-06,245,20.416666666666668,Uncontrolled,2
2019-04-06,246,20.5,Uncontrolled,1
2019-04-06,247,20.583333333333332,Uncontrolled,0
2019-04-06,248,20.666666666666668,Uncontrolled,0
2019-04-06,249,20.75,Uncontrolled,0
2019-04-06,250,20.833333333333332,Uncontrolled,0
2019-04-06,251,20.916666666666668,Uncontrolled,0
2019-04-06,252,21.0,Uncontrolled,0
2019-04-06,253,21.083333333333332,Uncontrolled,0
2019-04-06,254,21.166666666666668,Uncontrolled,0
2019-04-06,255,21.25,Uncontrolled,1
2019-04-06,256,21.333333333333332,Uncontrolled,1
2019-04-06,257,21.416666666666668,Uncontrolled,1
2019-04-06,258,21.5,Uncontrolled,1
2019-04-06,259,21.583333333333332,Uncontrolled,1
2019-04-06,260,21.666666666666668,Uncontrolled,1
2019-04-06,261,21.75,Uncontrolled,1
2019-04-06,262,21.833333333333332,Uncontrolled,1
2019-04-06,263,21.916666666666668,Uncontrolled,1
2019-04-06,264,22.0,Uncontrolled,1
2019-04-06,265,22.083333333333332,Uncontrolled,1
2019-04-06,266,22.166666666666668,Uncontrolled,1
2019-04-06,267,22.25,Uncontrolled,1
2019-04-06,268,22.333333333333332,Uncontrolled,1
2019-04-06,269,22.416666666666668,Uncontrolled,1
2019-04-06,270,22.5,Uncontrolled,1
2019-04-06,271,22.583333333333332,Uncontrolled,1
2019-04-06,272,22.666666666666668,Uncontrolled,0
2019-04-06,273,22.75,Round-Robin,0
2019-04-06,274,22.833333333333332,Round-Robin,0
2019-04-06,275,22.916666666666668,Round-Robin,0
2019-04-06,276,23.0,Round-Robin,0
2019-04-06,277,23.083333333333332,Round-Robin,0
2019-04-06,278,23.166666666666668,Round-Robin,0
2019-04-06,279,23.25,Round-Robin,0
2019-04-06,280,23.333333333333332,Round-Robin,0
2019-04-06,281,23.416666666666668,Round-Robin,0
2019-04-06,282,23.5,Round-Robin,0
2019-04-06,283,23.583333333333332,Round-Robin,0
2019-04-06,284,23.666666666666668,Round-Robin,0
2019-04-06,285,23.75,Round-Robin,0
2019-04-06,286,23.833333333333332,Round-Robin,0
2019-04-06,287,23.916666666666668,Round-Robin,0
2019-04-07,0,0.0,Round-Robin,0
2019-04-07,1,0.08333333333333333,Round-Robin,0
2019-04-07,2,0.16666666666666666,Round-Robin,0
2019-04-07,3,0.25,Round-Robin,0
2019-04-07,4,0.3333333333333333,Round-Robin,0
2019-04-07,5,0.4166666666666667,Round-Robin,0
2019-04-07,6,0.5,Round-Robin,0
2019-04-07,7,0.5833333333333334,Round-Robin,0
2019-04-07,8,0.6666666666666666,Round-Robin,0
2019-04-07,9,0.75,Round-Robin,0
2019-04-07,10,0.8333333333333334,Round-Robin,0
2019-04-07,11,0.9166666666666666,Round-Robin,0
2019-04-07,12,1.0,Round-Robin,0
2019-04-07,13,1.0833333333333333,Round-Robin,0
2019-04-07,14,1.1666666666666667,Round-Robin,0
2019-04-07,15,1.25,Round-Robin,0
2019-04-07,16,1.3333333333333333,Round-Robin,0
2019-04-07,17,1.4166666666666667,Round-Robin,0
2019-04-07,18,1.5,Round-Robin,0
2019-04-07,19,1.5833333333333333,Round-Robin,0
2019-04-07,20,1.6666666666666667,Round-Robin,0
2019-04-07,21,1.75,Round-Robin,0
2019-04-07,22,1.8333333333333333,Round-Robin,0
2019-04-07,23,1.9166666666666667,Round-Robin,0
2019-04-07,24,2.0,Round-Robin,0
2019-04-07,25,2.0833333333333335,Round-Robin,0
2019-04-07,26,2.1666666666666665,Round-Robin,0
2019-04-07,27,2.25,Round-Robin,0
2019-04-07,28,2.3333333333333335,Uncontrolled,0
2019-04-07,29,2.4166666666666665,Uncontrolled,0
2019-04-07,30,2.5,Uncontrolled,0
2019-04-07,31,2.5833333333333335,Uncontrolled,0
2019-04-07,32,2.6666666666666665,Uncontrolled,0
2019-04-07,33,2.75,Uncontrolled,0
2019-04-07,34,2.8333333333333335,Uncontrolled,0
2019-04-07,35,2.9166666666666665,Uncontrolled,0
2019-04-07,36,3.0,Uncontrolled,0
2019-04-07,37,3.0833333333333335,Uncontrolled,0
2019-04-07,38,3.1666666666666665,Uncontrolled,0
2019-04-07,39,3.25,Uncontrolled,0
2019-04-07,40,3.3333333333333335,Uncontrolled,0
2019-04-07,41,3.4166666666666665,Uncontrolled,0
2019-04-07,42,3.5,Uncontrolled,0
2019-04-07,43,3.5833333333333335,Uncontrolled,0
2019-04-07,44,3.6666666666666665,Uncontrolled,0
2019-04-07,45,3.75,Uncontrolled,0
2019-04-07,46,3.8333333333333335,Uncontrolled,0
2019-04-07,47,3.9166666666666665,Uncontrolled,0
2019-04-07,48,4.0,Uncontrolled,0
2019-04-07,49,4.083333333333333,Uncontrolled,0
2019-04-07,50,4.166666666666667,Uncontrolled,0
2019-04-07,51,4.25,Uncontrolled,0
2019-04-07,52,4.333333333333333,Uncontrolled,0
2019-04-07,53,4.416666666666667,Uncontrolled,0
2019-04-07,54,4.5,Uncontrolled,0
2019-04-07,55,4.583333333333333,Uncontrolled,0
2019-04-07,56,4.666666666666667,Uncontrolled,0
2019-04-07,57,4.75,Uncontrolled,0
2019-04-07,58,4.833333333333333,Uncontrolled,0
2019-04-07,59,4.916666666666667,Uncontrolled,0
2019-04-07,60,5.0,Uncontrolled,0
2019-04-07,61,5.083333333333333,Uncontrolled,0
2019-04-07,62,5.166666666666667,Uncontrolled,0
2019-04-07,63,5.25,Uncontrolled,0
2019-04-07,64,5.333333333333333,Uncontrolled,0
2019-04-07,65,5.416666666666667,Uncontrolled,0
2019-04-07,66,5.5,Uncontrolled,0
2019-04-07,67,5.583333333333333,Uncontrolled,0
2019-04-07,68,5.666666666666667,Uncontrolled,0
2019-04-07,69,5.75,Uncontrolled,0
2019-04-07,70,5.833333333333333,Uncontrolled,0
2019-04-07,71,5.916666666666667,Uncontrolled,0
2019-04-07,72,6.0,Uncontrolled,0
2019-04-07,73,6.083333333333333,Uncontrolled,0
2019-04-07,74,6.166666666666667,Round-Robin,0
2019-04-07,75,6.25,Round-Robin,0
2019-04-07,76,6.333333333333333,Round-Robin,0
2019-04-07,77,6.416666666666667,Round-Robin,0
2019-04-07,78,6.5,Round-Robin,0
2019-04-07,79,6.583333333333333,Round-Robin,0
2019-04-07,80,6.666666666666667,Round-Robin,0
2019-04-07,81,6.75,Round-Robin,0
2019-04-07,82,6.833333333333333,Round-Robin,0
2019-04-07,83,6.916666666666667,Round-Robin,0
2019-04-07,84,7.0,Round-Robin,0
2019-04-07,85,7.083333333333333,Round-Robin,0
2019-04-07,86,7.166666666666667,Round-Robin,0
2019-04-07,87,7.25,Round-Robin,0
2019-04-07,88,7.333333333333333,Round-Robin,0
2019-04-07,89,7.416666666666667,Round-Robin,0
2019-04-07,90,7.5,Round-Robin,0
2019-04-07,91,7.583333333333333,Round-Robin,0
2019-04-07,92,7.666666666666667,Uncontrolled,0
2019-04-07,93,7.75,Uncontrolled,0
2019-04-07,94,7.833333333333333,Uncontrolled,0
2019-04-07,95,7.916666666666667,Uncontrolled,0
2019-04-07,96,8.0,Uncontrolled,0
2019-04-07,97,8.083333333333334,Uncontrolled,0
2019-04-07,98,8.166666666666666,Uncontrolled,0
2019-04-07,99,8.25,Uncontrolled,0
2019-04-07,100,8.333333333333334,Uncontrolled,0
2019-04-07,101,8.416666666666666,Uncontrolled,0
2019-04-07,102,8.5,Uncontrolled,0
2019-04-07,103,8.583333333333334,Uncontrolled,0
2019-04-07,104,8.666666666666666,Uncontrolled,0
2019-04-07,105,8.75,Uncontrolled,0
2019-04-07,106,8.833333333333334,Uncontrolled,0
2019-04-07,107,8.916666666666666,Uncontrolled,0
2019-04-07,108,9.0,Uncontrolled,0
2019-04-07,109,9.083333333333334,Uncontrolled,0
2019-04-07,110,9.166666666666666,Uncontrolled,0
2019-04-07,111,9.25,Uncontrolled,0
2019-04-07,112,9.333333333333334,Uncontrolled,0
2019-04-07,113,9.416666666666666,Uncontrolled,0
2019-04-07,114,9.5,Uncontrolled,0
2019-04-07,115,9.583333333333334,Uncontrolled,0
2019-04-07,116,9.666666666666666,Uncontrolled,0
2019-04-07,117,9.75,Uncontrolled,0
2019-04-07,118,9.833333333333334,Uncontrolled,0
2019-04-07,119,9.916666666666666,Uncontrolled,0
2019-04-07,120,10.0,Uncontrolled,0
2019-04-07,121,10.083333333333334,Uncontrolled,0
2019-04-07,122,10.166666666666666,Uncontrolled,0
2019-04-07,123,10.25,Uncontrolled,0
2019-04-07,124,10.333333333333334,Uncontrolled,0
2019-04-07,125,10.416666666666666,Uncontrolled,0
2019-04-07,126,10.5,Uncontrolled,0
2019-04-07,127,10.583333333333334,Uncontrolled,0
2019-04-07,128,10.666666666666666,Uncontrolled,0
2019-04-07,129,10.75,Uncontrolled,0
2019-04-07,130,10.833333333333334,Uncontrolled,0
2019-04-07,131,10.916666666666666,Uncontrolled,0
2019-04-07,132,11.0,Uncontrolled,0
2019-04-07,133,11.083333333333334,Uncontrolled,0
2019-04-07,134,11.166666666666666,Uncontrolled,0
2019-04-07,135,11.25,Uncontrolled,0
2019-04-07,136,11.333333333333334,Uncontrolled,0
2019-04-07,137,11.416666666666666,Uncontrolled,0
2019-04-07,138,11.5,Uncontrolled,0
2019-04-07,139,11.583333333333334,Uncontrolled,0
2019-04-07,140,11.666666666666666,Uncontrolled,0
2019-04-07,141,11.75,Uncontrolled,0
2019-04-07,142,11.833333333333334,Uncontrolled,0
2019-04-07,143,11.916666666666666,Uncontrolled,0
2019-04-07,144,12.0,Uncontrolled,0
2019-04-07,145,12.083333333333334,Uncontrolled,0
2019-04-07,146,12.166666666666666,Uncontrolled,0
2019-04-07,147,12.25,Uncontrolled,0
2019-04-07,148,12.333333333333334,Uncontrolled,0
2019-04-07,149,12.416666666666666,Uncontrolled,0
2019-04-07,150,12.5,Uncontrolled,0
2019-04-07,151,12.583333333333334,Uncontrolled,0
2019-04-07,152,12.666666666666666,Uncontrolled,0
2019-04-07,153,12.75,Uncontrolled,0
2019-04-07,154,12.833333333333334,Uncontrolled,0
2019-04-07,155,12.916666666666666,Uncontrolled,0
2019-04-07,156,13.0,Uncontrolled,0
2019-04-07,157,13.083333333333334,Uncontrolled,0
2019-04-07,158,13.166666666666666,Uncontrolled,0
2019-04-07,159,13.25,Uncontrolled,0
2019-04-07,160,13.333333333333334,Uncontrolled,0
2019-04-07,161,13.416666666666666,Uncontrolled,0
2019-04-07,162,13.5,Uncontrolled,0
2019-04-07,163,13.583333333333334,Uncontrolled,0
2019-04-07,164,13.666666666666666,Uncontrolled,0
2019-04-07,165,13.75,Uncontrolled,0
2019-04-07,166,13.833333333333334,Uncontrolled,0
2019-04-07,167,13.916666666666666,Conservative,0
2019-04-07,168,14.0,Uncontrolled,0
2019-04-07,169,14.083333333333334,Uncontrolled,0
2019-04-07,170,14.166666666666666,Uncontrolled,0
2019-04-07,171,14.25,Uncontrolled,0
2019-04-07,172,14.333333333333334,Uncontrolled,0
2019-04-07,173,14.416666666666666,Uncontrolled,0
2019-04-07,174,14.5,Uncontrolled,0
2019-04-07,175,14.583333333333334,Uncontrolled,0
2019-04-07,176,14.666666666666666,Uncontrolled,0
2019-04-07,177,14.75,Uncontrolled,0
2019-04-07,178,14.833333333333334,Uncontrolled,0
2019-04-07,179,14.916666666666666,Uncontrolled,0
2019-04-07,180,15.0,Uncontrolled,0
2019-04-07,181,15.083333333333334,Uncontrolled,0
2019-04-07,182,15.166666666666666,Uncontrolled,0
2019-04-07,183,15.25,Uncontrolled,0
2019-04-07,184,15.333333333333334,Uncontrolled,0
2019-04-07,185,15.416666666666666,Uncontrolled,0
2019-04-07,186,15.5,Uncontrolled,0
2019-04-07,187,15.583333333333334,Round-Robin,0
2019-04-07,188,15.666666666666666,Round-Robin,0
2019-04-07,189,15.75,Round-Robin,0
2019-04-07,190,15.833333333333334,Round-Robin,0
2019-04-07,191,15.916666666666666,Round-Robin,0
2019-04-07,192,16.0,Round-Robin,0
2019-04-07,193,16.083333333333332,Round-Robin,0
2019-04-07,194,16.166666666666668,Round-Robin,0
2019-04-07,195,16.25,Round-Robin,0
2019-04-07,196,16.333333333333332,Round-Robin,0
2019-04-07,197,16.416666666666668,Round-Robin,0
2019-04-07,198,16.5,Round-Robin,0
2019-04-07,199,16.583333333333332,Round-Robin,0
2019-04-07,200,16.666666666666668,Round-Robin,0
2019-04-07,201,16.75,Round-Robin,0
2019-04-07,202,16.833333333333332,Round-Robin,0
2019-04-07,203,16.916666666666668,Round-Robin,0
2019-04-07,204,17.0,Round-Robin,0
2019-04-07,205,17.083333333333332,Round-Robin,0
2019-04-07,206,17.166666666666668,Round-Robin,0
2019-04-07,207,17.25,Round-Robin,0
2019-04-07,208,17.333333333333332,Round-Robin,1
2019-04-07,209,17.416666666666668,Uncontrolled,1
2019-04-07,210,17.5,Uncontrolled,1
2019-04-07,211,17.583333333333332,Uncontrolled,1
2019-04-07,212,17.666666666666668,Uncontrolled,1
2019-04-07,213,17.75,Uncontrolled,1
2019-04-07,214,17.833333333333332,Uncontrolled,1
2019-04-07,215,17.916666666666668,Uncontrolled,1
2019-04-07,216,18.0,Uncontrolled,1
2019-04-07,217,18.083333333333332,Uncontrolled,1
2019-04-07,218,18.166666666666668,Uncontrolled,1
2019-04-07,219,18.25,Uncontrolled,1
2019-04-07,220,18.333333333333332,Uncontrolled,1
2019-04-07,221,18.416666666666668,Uncontrolled,1
2019-04-07,222,18.5,Uncontrolled,1
2019-04-07,223,18.583333333333332,Uncontrolled,1
2019-04-07,224,18.666666666666668,Uncontrolled,2
2019-04-07,225,18.75,Uncontrolled,2
2019-04-07,226,18.833333333333332,Uncontrolled,2
2019-04-07,227,18.916666666666668,Uncontrolled,2
2019-04-07,228,19.0,Uncontrolled,2
2019-04-07,229,19.083333333333332,Uncontrolled,2
2019-04-07,230,19.166666666666668,Uncontrolled,2
2019-04-07,231,19.25,Uncontrolled,2
2019-04-07,232,19.333333333333332,Uncontrolled,2
2019-04-07,233,19.416666666666668,Uncontrolled,2
2019-04-07,234,19.5,Uncontrolled,2
2019-04-07,235,19.583333333333332,Uncontrolled,2
2019-04-07,236,19.666666666666668,Uncontrolled,2
2019-04-07,237,19.75,Uncontrolled,1
2019-04-07,238,19.833333333333332,Uncontrolled,1
2019-04-07,239,19.916666666666668,Uncontrolled,1
2019-04-07,240,20.0,Uncontrolled,1
2019-04-07,241,20.083333333333332,Uncontrolled,1
2019-04-07,242,20.166666666666668,Uncontrolled,1
2019-04-07,243,20.25,Uncontrolled,1
2019-04-07,244,20.333333333333332,Uncontrolled,1
2019-04-07,245,20.416666666666668,Uncontrolled,1
2019-04-07,246,20.5,Uncontrolled,1
2019-04-07,247,20.583333333333332,Uncontrolled,1
2019-04-07,248,20.666666666666668,Uncontrolled,1
2019-04-07,249,20.75,Uncontrolled,1
2019-04-07,250,20.833333333333332,Uncontrolled,1
2019-04-07,251,20.916666666666668,Uncontrolled,1
2019-04-07,252,21.0,Uncontrolled,1
2019-04-07,253,21.083333333333332,Uncontrolled,1
2019-04-07,254,21.166666666666668,Uncontrolled,1
2019-04-07,255,21.25,Uncontrolled,1
2019-04-07,256,21.333333333333332,Uncontrolled,1
2019-04-07,257,21.416666666666668,Uncontrolled,1
2019-04-07,258,21.5,Uncontrolled,1
2019-04-07,259,21.583333333333332,Uncontrolled,0
2019-04-07,260,21.666666666666668,Uncontrolled,0
2019-04-07,261,21.75,Round-Robin,0
2019-04-07,262,21.833333333333332,Round-Robin,0
2019-04-07,263,21.916666666666668,Round-Robin,0
2019-04-07,264,22.0,Round-Robin,0
2019-04-07,265,22.083333333333332,Round-Robin,0
2019-04-07,266,22.166666666666668,Round-Robin,0
2019-04-07,267,22.25,Round-Robin,0
2019-04-07,268,22.333333333333332,Round-Robin,0
2019-04-07,269,22.416666666666668,Round-Robin,0
2019-04-07,270,22.5,Round-Robin,0
2019-04-07,271,22.583333333333332,Round-Robin,0
2019-04-07,272,22.666666666666668,Round-Robin,0
2019-04-07,273,22.75,Round-Robin,0
2019-04-07,274,22.833333333333332,Round-Robin,0
2019-04-07,275,22.916666666666668,Round-Robin,0
2019-04-07,276,23.0,Round-Robin,0
2019-04-07,277,23.083333333333332,Round-Robin,0
2019-04-07,278,23.166666666666668,Round-Robin,0
2019-04-07,279,23.25,Round-Robin,0
2019-04-07,280,23.333333333333332,Round-Robin,0
2019-04-07,281,23.416666666666668,Round-Robin,0
2019-04-07,282,23.5,Round-Robin,0
2019-04-07,283,23.583333333333332,Round-Robin,0
2019-04-07,284,23.666666666666668,Round-Robin,0
2019-04-07,285,23.75,Round-Robin,0
2019-04-07,286,23.833333333333332,Round-Robin,0
2019-04-07,287,23.916666666666668,Round-Robin,0
